sequenceNumber,corporateNumber,process,correct,updateDate,changeDate,name,nameImageId,kind,prefectureName,cityName,streetNumber,addressImageId,prefectureCode,cityCode,postCode,addressOutside,addressOutsideImageId,closeDate,closeCause,successorCorporateNumber,changeCause,assignmentDate,latest,enName,enPrefectureName,enCityName,enAddressOutside,furigana,hihyoji
6,1010001262216,新規,0,2026-01-28,2026-01-28,株式会社ＩｎｆｏＢａｓｅ,,株式会社,東京都,中央区,銀座１丁目１２－４Ｎ＆ＥＢＬＤ．７階,,13,102,1040061,,,,,,,2026-01-28,1,,,,,インフォベース,0
7,1010001262315,新規,0,2026-01-28,2026-01-28,株式会社りんごあめ,,株式会社,東京都,千代田区,富士見２丁目７番２号,,13,101,1020071,,,,,,,2026-01-28,1,,,,,リンゴアメ,0
8,1010001262348,新規,0,2026-01-28,2026-01-28,ＳＭＣ０４０３株式会社,,株式会社,東京都,千代田区,丸の内１丁目１番２号株式会社ＳＭＢＣキャピタル・パートナーズ内,,13,101,1000005,,,,,,,2026-01-28,1,,,,,エスエムシーゼロフォーゼロスリー,0
9,1010001262356,新規,0,2026-01-28,2026-01-28,株式会社ＮＥＸＡＳ　Ｉｎｎｏｖａｔｉｏｎ,,株式会社,東京都,千代田区,飯田橋２丁目９番３号サンネット飯田橋第２ビル４階,,13,101,1020072,,,,,,,2026-01-28,1,,,,,ネクサスイノベーション,0
10,1010001262380,新規,0,2026-01-28,2026-01-28,ＧｒｅｅｎＢｅｅ　Ｅｎｅｒｇｙ株式会社,,株式会社,東京都,中央区,新川２丁目３番１号,,13,102,1040033,,,,,,,2026-01-28,1,,,,,グリーンビーエナジー,0
13,1010003049982,新規,0,2026-01-28,2026-01-28,合同会社ＣＯＴＯＮｏｖａ,,合同会社,東京都,中央区,月島３丁目８－８,,13,102,1040052,,,,,,,2026-01-28,1,,,,,コトノヴァ,0
14,1010003050164,新規,0,2026-01-28,2026-01-28,Ｓｏｌｓｔｉｃｅ　Ｏｎｅ合同会社,,合同会社,東京都,文京区,千石１丁目２０番１８号ハーモニーテラス千石１０２,,13,105,1120011,,,,,,,2026-01-28,1,,,,,ソルスティスワン,0
15,1010003050172,新規,0,2026-01-28,2026-01-28,合同会社上田国分蓄電所,,合同会社,東京都,中央区,京橋２丁目５番２号Ａ・Ｍ京橋ビル８０３,,13,102,1040031,,,,,,,2026-01-28,1,,,,,ウエダコクブチクデンショ,0
16,1010005041285,新規,0,2026-01-28,2026-01-28,一般社団法人Ｊａｐａｎ　ＦＵＤＯ　Ｃｕｌｔｕｒｅ　Ｉｎｓｔｉｔｕｔｅ,,その他の設立登記法人,東京都,千代田区,九段北１丁目１５番９号,,13,101,1020073,,,,,,,2026-01-28,1,,,,,ジャパンフウドカルチャーインスティテュート,0
19,1010105002360,新規,0,2026-01-28,2026-01-28,社会福祉法人たんぽぽ福祉会,,その他の設立登記法人,東京都,八王子市,緑町９３５番地１５,,13,201,1930932,,,,,,,2026-01-28,1,,,,,タンポポフクシカイ,0
245,1010401196096,新規,0,2026-01-28,2026-01-28,株式会社アンカバー,,株式会社,東京都,港区,赤坂２丁目２１番４号,,13,103,1070052,,,,,,,2026-01-28,1,,,,,アンカバー,0
246,1010401196121,新規,0,2026-01-28,2026-01-28,株式会社ＷＦＦ,,株式会社,東京都,港区,台場１丁目５番１号,,13,103,1350091,,,,,,,2026-01-28,1,,,,,ダブリュエフエフ,0
247,1010401196146,新規,0,2026-01-28,2026-01-28,ネクサーブ株式会社,,株式会社,東京都,港区,北青山１丁目３番１号アールキューブ青山３階,,13,103,1070061,,,,,,,2026-01-28,1,,,,,ネクサーブ,0
248,1010401196170,新規,0,2026-01-28,2026-01-28,Ｃｏｍｐａｓｓ　Ｏｆｆｉｃｅｓ　ＭＴＫ株式会社,,株式会社,東京都,港区,虎ノ門５丁目１３番１号虎ノ門４０ＭＴビル,,13,103,1050001,,,,,,,2026-01-28,1,,,,,コンパスオフィシズエムティーケー,0
249,1010403037141,新規,0,2026-01-28,2026-01-28,Ｗｉｒｔｈ　Ｗａｌｄ合同会社,,合同会社,東京都,港区,南青山２丁目２番１５号ＷｉｎＡｏｙａｍａビルＵＣＦ６３５,,13,103,1070062,,,,,,,2026-01-28,1,,,,,ヴィルトヴァルト,0
250,1010403037158,新規,0,2026-01-28,2026-01-28,Ｔａｈｏｅ合同会社,,合同会社,東京都,港区,西新橋１丁目１番１号ＥＰコンサルティングサービス内,,13,103,1050003,,,,,,,2026-01-28,1,,,,,タホ,0
251,1010403037174,新規,0,2026-01-28,2026-01-28,合同会社Ｔｉｍ　Ｔａｍ,,合同会社,東京都,港区,虎ノ門１丁目１番１８号ヒューリック虎ノ門ビル９階Ｌ＆Ｐ司法書士法人内,,13,103,1050001,,,,,,,2026-01-28,1,,,,,ティムタム,0
252,1010501055367,新規,0,2026-01-28,2026-01-28,株式会社ｓｔａｎｄ,,株式会社,東京都,台東区,花川戸２丁目１６番７号大津屋花二ビル１Ｆ,,13,106,1110033,,,,,,,2026-01-28,1,,,,,スタンド,0
253,1010501055375,新規,0,2026-01-28,2026-01-28,株式会社蛤谷会計事務所,,株式会社,東京都,台東区,台東４丁目１４番１号,,13,106,1100016,,,,,,,2026-01-28,1,,,,,ハマヤカイケイジムショ,0
288,1010603012043,新規,0,2026-01-28,2026-01-28,合同会社２２５ＮＯＷ,,合同会社,東京都,墨田区,太平３丁目１２番９―４０３号イニシア錦糸町,,13,107,1300012,,,,,,,2026-01-28,1,,,,,ニーニーゴナウ,0
311,1011001175102,新規,0,2026-01-28,2026-01-28,株式会社ＨＡＬＵＸ,,株式会社,東京都,渋谷区,道玄坂１丁目１０番８号渋谷道玄坂東急ビル２Ｆ－Ｃ,,13,113,1500043,,,,,,,2026-01-28,1,,,,,ハルクス,0
312,1011001175168,新規,0,2026-01-28,2026-01-28,株式会社Ｍファイナンス,,株式会社,東京都,渋谷区,本町４丁目２番１１－３０７号,,13,113,1510071,,,,,,,2026-01-28,1,,,,,エムファイナンス,0
322,1011101114538,新規,0,2026-01-28,2026-01-28,ルセノス株式会社,,株式会社,東京都,新宿区,西新宿３丁目３番１３号西新宿水間ビル６階,,13,104,1600023,,,,,,,2026-01-28,1,,,,,ルセノス,0
323,1011101114793,新規,0,2026-01-28,2026-01-28,株式会社ピュシス,,株式会社,東京都,新宿区,西新宿３丁目３番１３号西新宿水間ビル６階,,13,104,1600023,,,,,,,2026-01-28,1,,,,,ピュシス,0
324,1011103016922,新規,0,2026-01-28,2026-01-28,合同会社ＳＫＫ,,合同会社,東京都,新宿区,西新宿３丁目１３番１１－２０６号,,13,104,1600023,,,,,,,2026-01-28,1,,,,,エスケーケー,0
325,1011103016971,新規,0,2026-01-28,2026-01-28,Ｏｋｅａｎｏｓ　Ｊａｐａｎ合同会社,,合同会社,東京都,新宿区,西新宿１丁目４番１１号ＳＰＡＣＥＳ新宿４１０号室,,13,104,1600023,,,,,,,2026-01-28,1,,,,,オケアノスジャパン,0
328,1011301031228,新規,0,2026-01-28,2026-01-28,株式会社Ｎｏｏｔｏ,,株式会社,東京都,杉並区,阿佐谷南１丁目１番９号グランメゾン新高円寺１０１,,13,115,1660004,,,,,,,2026-01-28,1,,,,,ノート,0
329,1011303005840,新規,0,2026-01-28,2026-01-28,合同会社みちやコンサルティング,,合同会社,東京都,杉並区,和泉３丁目３４番７－１０２号ドューエ永福フィオーレ,,13,115,1680063,,,,,,,2026-01-28,1,,,,,ミチヤコンサルティング,0
354,1011601029335,新規,0,2026-01-28,2026-01-28,株式会社ＳＴＡＲＲＹ　ＯＣＥＡＮ,,株式会社,東京都,練馬区,富士見台２丁目４１－２,,13,120,1770034,,,,,,,2026-01-28,1,,,,,スターリーオーシャン,0
355,1011601029343,新規,0,2026-01-28,2026-01-28,株式会社豊富,,株式会社,東京都,練馬区,豊玉北１丁目９番２－７０４号,,13,120,1760012,,,,,,,2026-01-28,1,,,,,ユタカ,0
370,1020003030165,新規,0,2026-01-28,2026-01-28,アスターマネジメント合同会社,,合同会社,神奈川県,横浜市港南区,上大岡西３丁目９－１０－３２２,,14,111,2330002,,,,,,,2026-01-28,1,,,,,,0
371,1020003030223,新規,0,2026-01-28,2026-01-28,ＣＲＥＥＴＥ合同会社,,合同会社,神奈川県,横浜市保土ケ谷区,保土ケ谷町１丁目２５コスモ横浜保土ケ谷２０９,,14,106,2400021,,,,,,,2026-01-28,1,,,,,クリート,0
375,1021001087346,新規,0,2026-01-28,2026-01-28,日印トレーディング株式会社,,株式会社,神奈川県,逗子市,逗子７丁目１番５７号カイナル逗子３０３,,14,208,2490006,,,,,,,2026-01-28,1,,,,,ニチイントレーディング,0
376,1021001087387,新規,0,2026-01-28,2026-01-28,株式会社ｂｅｂｅ,,株式会社,神奈川県,鎌倉市,極楽寺１丁目４番３号,,14,204,2480023,,,,,,,2026-01-28,1,,,,,ベベ,0
380,1021003017037,新規,0,2026-01-28,2026-01-28,合同会社かなぐつ埜,,合同会社,神奈川県,小田原市,栢山３１４８番地の８,,14,206,2500852,,,,,,,2026-01-28,1,,,,,カナグツヤ,0
381,1021003017053,新規,0,2026-01-28,2026-01-28,ＭＩＸ合同会社,,合同会社,神奈川県,茅ヶ崎市,香川６丁目２１番２０号,,14,207,2530082,,,,,,,2026-01-28,1,,,,,ミックス,0
384,1030001170747,新規,0,2026-01-28,2026-01-28,株式会社ケアブレイン,,株式会社,埼玉県,さいたま市大宮区,桜木町２丁目３番地大宮マルイ７階,,11,103,3300854,,,,,,,2026-01-28,1,,,,,ケアブレイン,0
390,1030003028539,新規,0,2026-01-28,2026-01-28,ＮＯＲＴＨ　ＬＡＮＤ　ＣＯＮＳＵＬＴＩＮＧ合同会社,,合同会社,埼玉県,日高市,大字高萩２２９５番地５,,11,242,3501213,,,,,,,2026-01-28,1,,,,,ノースランドコンサルティング,0
398,1040001142209,新規,0,2026-01-28,2026-01-28,株式会社プリモ小見川,,株式会社,千葉県,香取市,本郷４２５番地,,12,236,2890312,,,,,,,2026-01-28,1,,,,,プリモオミガワ,0
410,1050003009891,新規,0,2026-01-28,2026-01-28,Ｐｌａｎｅｔ　Ｊａｐａｎ合同会社,,合同会社,茨城県,つくば市,島名３７２２－１７,,08,220,3002655,,,,,,,2026-01-28,1,,,,,プラネットジャパン,0
411,1050003009900,新規,0,2026-01-28,2026-01-28,ＲＫ合同会社,,合同会社,茨城県,水戸市,元吉田町２９４番地コーポシャネル２０５号,,08,201,3100836,,,,,,,2026-01-28,1,,,,,アールケイ,0
690,1090003002975,新規,0,2026-01-28,2026-01-28,合同会社マルコ,,合同会社,山梨県,甲斐市,篠原７１４番地３－２Ｆ,,19,210,4000115,,,,,,,2026-01-28,1,,,,,マルコ,0
701,1120001283688,新規,0,2026-01-28,2026-01-28,株式会社ＷＨ,,株式会社,大阪府,大阪市西区,北堀江１丁目６番５号大輪ビル７階,,27,106,5500014,,,,,,,2026-01-28,1,,,,,ダブルエイチ,0
702,1120001283705,新規,0,2026-01-28,2026-01-28,海麗可株式会社,,株式会社,大阪府,大阪市住吉区,長居１丁目２番１７－１２０１号,,27,120,5580003,,,,,,,2026-01-28,1,,,,,カイレイカ,0
703,1120001283713,新規,0,2026-01-28,2026-01-28,株式会社キャリアトラック,,株式会社,大阪府,大阪市福島区,福島５丁目６番１６号ラグザ大阪２Ｆ,,27,103,5530003,,,,,,,2026-01-28,1,,,,,キャリアトラック,0
704,1120001283721,新規,0,2026-01-28,2026-01-28,ディアモ株式会社,,株式会社,大阪府,大阪市北区,梅田１丁目２番２号大阪駅前第２ビル１２－１２,,27,127,5300001,,,,,,,2026-01-28,1,,,,,ディアモ,0
707,1120101073122,新規,0,2026-01-28,2026-01-28,株式会社レイヴァン不動産,,株式会社,大阪府,富田林市,甲田５丁目１２番１０号,,27,214,5840036,,,,,,,2026-01-28,1,,,,,レイヴァンフドウサン,0
804,1130001081447,新規,0,2026-01-28,2026-01-28,Ｂｉｇ　Ｏｔｈｅｒ株式会社,,株式会社,京都府,京都市左京区,吉田橘町３２番地,,26,103,6068303,,,,,,,2026-01-28,1,,,,,ビッグアザー,0
805,1130001081488,新規,0,2026-01-28,2026-01-28,株式会社天の雲,,株式会社,京都府,京都市左京区,松ケ崎河原田町２－４１,,26,103,6060941,,,,,,,2026-01-28,1,,,,,アマノクモ,0
806,1130001081496,新規,0,2026-01-28,2026-01-28,株式会社幾星,,株式会社,京都府,京都市東山区,弁財天町１５スペース新橋３Ｆ東,,26,105,6050086,,,,,,,2026-01-28,1,,,,,イクセイ,0
813,1130003011047,新規,0,2026-01-28,2026-01-28,合同会社カタピラ,,合同会社,京都府,京都市東山区,富永町１３９－２ギオンサンビル４階Ａ,,26,105,6050078,,,,,,,2026-01-28,1,,,,,カタピラ,0
816,1130005017570,新規,0,2026-01-28,2026-01-28,一般社団法人水圏ＢｉｏＧＸイニシアチブ,,その他の設立登記法人,京都府,京都市下京区,七条通油小路東入大黒町２２７番地第２キョートビル４０２,,26,106,6008223,,,,,,,2026-01-28,1,,,,,スイケンバイオジーエックスイニシアチブ,0
819,1140001141497,新規,0,2026-01-28,2026-01-28,株式会社なんばプラニングジャパン,,株式会社,兵庫県,姫路市,広畑区正門通４丁目４－２－ＬＭ－９０２,,28,201,6711116,,,,,,,2026-01-28,1,,,,,ナンバプラニングジャパン,0
824,1140003023099,新規,0,2026-01-28,2026-01-28,合同会社ＲＮ２５,,合同会社,兵庫県,西宮市,高松町４番８プレラにしのみや８１０,,28,204,6638204,,,,,,,2026-01-28,1,,,,,アールエヌニジュウゴ,0
825,1140003023132,新規,0,2026-01-28,2026-01-28,すまいる合同会社,,合同会社,兵庫県,明石市,港町１０番２１号,,28,203,6730894,,,,,,,2026-01-28,1,,,,,スマイル,0
826,1140003023140,新規,0,2026-01-28,2026-01-28,マキの花農園荘合同会社,,合同会社,兵庫県,明石市,西明石南町１丁目１０番２０号サングレース西明石２０１号,,28,203,6730041,,,,,,,2026-01-28,1,,,,,,0
830,1150001028693,新規,0,2026-01-28,2026-01-28,株式会社瑠成建設,,株式会社,奈良県,北葛城郡広陵町,大字疋相１２０－４グリーンヒルズ１－２０１,,29,426,6350824,,,,,,,2026-01-28,1,,,,,ルセイケンセツ,0
844,1180001170443,新規,0,2026-01-28,2026-01-28,瀛楓国際株式会社,,株式会社,愛知県,名古屋市中区,栄３丁目２０番７号‐９０２,,23,106,4600008,,,,,,,2026-01-28,1,,,,,エイカコクサイ,0
845,1180003029695,新規,0,2026-01-28,2026-01-28,Ｒｉｒｉｔｙ合同会社,,合同会社,愛知県,江南市,島宮町巡見２２,,23,217,4838269,,,,,,,2026-01-28,1,,,,,リリティ,0
846,1180301040635,新規,0,2026-01-28,2026-01-28,株式会社Ｙ・Ｆ未来,,株式会社,愛知県,西尾市,一色町一色東前新田２３番地,,23,213,4440423,,,,,,,2026-01-28,1,,,,,ワイエフミライ,0
852,1200001044660,新規,0,2026-01-28,2026-01-28,株式会社イチロ,,株式会社,岐阜県,各務原市,成清町６丁目１６７番１,,21,213,5040935,,,,,,,2026-01-28,1,,,,,イチロ,0
864,1230001021269,新規,0,2026-01-28,2026-01-28,ＬｅＧａｃｙ　Ｗｏｒｋｓ株式会社,,株式会社,富山県,富山市,豊若町１丁目１５番２号,,16,201,9318305,,,,,,,2026-01-28,1,,,,,レガシーワークス,0
873,1240001066098,新規,0,2026-01-28,2026-01-28,株式会社やる気げん気,,株式会社,広島県,三次市,廻神町１８３７番地１,,34,209,7296213,,,,,,,2026-01-28,1,,,,,ヤルキゲンキ,0
876,1240003007570,新規,0,2026-01-28,2026-01-28,合同会社ＥＬＥＭＥＮＴ　ＮＥＸＵＳ,,合同会社,広島県,三次市,三次町１５３４－４,,34,209,7280021,,,,,,,2026-01-28,1,,,,,エレメントネクサス,0
880,1250003003890,新規,0,2026-01-28,2026-01-28,ネクサス・アンド・ライフ合同会社,,合同会社,山口県,萩市,大字椿東２５３０番地４,,35,204,7580011,,,,,,,2026-01-28,1,,,,,ネクサスアンドライフ,0
883,1280005007680,新規,0,2026-01-28,2026-01-28,一般社団法人日月,,その他の設立登記法人,島根県,雲南市,木次町木次２９番三日市ラボ,,32,209,6991332,,,,,,,2026-01-28,1,,,,,ニチゲツ,0
889,1290001112888,新規,0,2026-01-28,2026-01-28,株式会社ＳＥＴ,,株式会社,福岡県,福岡市博多区,博多駅前１丁目２３番２号ＰａｒｋＦｒｏｎｔ博多駅前１丁目５Ｆ－Ｂ,,40,132,8120011,,,,,,,2026-01-28,1,,,,,セット,0
890,1290001112946,新規,0,2026-01-28,2026-01-28,株式会社ＤＯＮＯ,,株式会社,福岡県,福岡市博多区,東比恵３丁目１４番２５号,,40,132,8120007,,,,,,,2026-01-28,1,,,,,ドーノ,0
894,1290003017953,新規,0,2026-01-28,2026-01-28,合同会社ＣＨＩＫＡＢＡ　ＴＲＡＶＥＬ,,合同会社,福岡県,糟屋郡志免町,田富３丁目１１－２１－２,,40,343,8112204,,,,,,,2026-01-28,1,,,,,チカバトラベル,0
895,1290005019980,新規,0,2026-01-28,2026-01-28,一般社団法人なごみ,,その他の設立登記法人,福岡県,大野城市,大城２丁目１５番５５号,,40,219,8160911,,,,,,,2026-01-28,1,,,,,,0
926,1340001027932,新規,0,2026-01-28,2026-01-28,株式会社カンセ,,株式会社,鹿児島県,鹿児島市,花野光ヶ丘２丁目１３番２号,,46,201,8911204,,,,,,,2026-01-28,1,,,,,カンセ,0
927,1350001019912,新規,0,2026-01-28,2026-01-28,株式会社ＴＭＮ,,株式会社,宮崎県,宮崎市,高松町３‐３５,,45,201,8800003,,,,,,,2026-01-28,1,,,,,ティーエムエヌ,0
929,1350003005126,新規,0,2026-01-28,2026-01-28,合同会社ｏｌｉｖｅ　ｇａｒｄｅｎ　ｗｏｒｋｓ,,合同会社,宮崎県,宮崎市,大島町野田２０５２番地１,,45,201,8800824,,,,,,,2026-01-28,1,,,,,オリーブガーデンワークス,0
931,1360003015578,新規,0,2026-01-28,2026-01-28,合同会社花笠,,合同会社,沖縄県,宜野湾市,喜友名１丁目１番１６号コーポ丸新１階,,47,205,9012222,,,,,,,2026-01-28,1,,,,,ハナガサ,0
933,1370001053422,新規,0,2026-01-28,2026-01-28,株式会社地域福祉ラボ,,株式会社,宮城県,仙台市宮城野区,榴岡５丁目１－１２,,04,102,9830852,,,,,,,2026-01-28,1,,,,,チイキフクシラボ,0
935,1390005009154,新規,0,2026-01-28,2026-01-28,サンコーポ松波管理組合法人,,その他の設立登記法人,山形県,山形市,松波４丁目３番１４号,,06,201,9900023,,,,,,,2026-01-28,1,,,,,サンコーポマツナミ,0
937,1400001017299,新規,0,2026-01-28,2026-01-28,株式会社一ＢＡ,,株式会社,岩手県,一関市,大町４番２９号なのはなプラザ２階,,03,209,0210881,,,,,,,2026-01-28,1,,,,,イチバ,0
1023,1430001096076,新規,0,2026-01-28,2026-01-28,株式会社北嶺パートナーズ,,株式会社,北海道,札幌市東区,北三十一条東１７丁目５番２４号,,01,103,0650031,,,,,,,2026-01-28,1,,,,,ホクレイパートナーズ,0
1061,1700150024099,新規,0,2026-01-28,2015-10-09,大阪水産物卸売業者協会,,その他,大阪府,大阪市福島区,野田１丁目１－８６,,27,103,5530005,,,,,,,2015-10-09,1,,,,,オオサカスイサンブツオロシウリギヨウシヤキヨウカイ,0
1062,1700150134179,新規,0,2026-01-28,2026-01-28,ＯＳＡＫＡ　ＳＨＩＮ　ＵＭＥＤＡ　ＰＴＥ．ＬＴＤ．,,外国会社等,,,,,,,,１４　Ｓｃｏｔｔｓ　Ｒｏａｄ，♯０６－０１，Ｆａｒ　Ｅａｓｔ　Ｐｌａｚａ，２２８２１３，Ｓｉｎｇａｐｏｒｅ,,,,,,2026-01-28,1,,,,,オオサカシンウメダピーテイーイーエルテイーデイ,0
1063,1700150134187,新規,0,2026-01-28,2026-01-28,ＺＥＶＥＲＯ　ＰＴＥ．ＬＴＤ．,,外国会社等,東京都,港区,赤坂５丁目２番３３号,,13,103,1070052,１　ＭＡＲＩＮＡ　ＢＯＵＬＥＶＡＲＤ，♯２８－００，ＯＮＥ　ＭＡＲＩＮＡ　ＢＯＵＬＥＶＡＲＤ，ＳＩＮＧＡＰＯＲＥ　０１８９８,,,,,,2026-01-28,1,,,,,ゼヴエロプライヴエートリミテツド,0
1068,2010001262149,新規,0,2026-01-28,2026-01-28,株式会社Ｙｏｕｔｈｒｉｖｅ,,株式会社,東京都,中央区,銀座１丁目１２番４号Ｎ＆Ｅ＿ＢＬＤ．６Ｆ,,13,102,1040061,,,,,,,2026-01-28,1,,,,,ユースリブ,0
1069,2010001262347,新規,0,2026-01-28,2026-01-28,ＳＭＣ０４０２株式会社,,株式会社,東京都,千代田区,丸の内１丁目１番２号株式会社ＳＭＢＣキャピタル・パートナーズ内,,13,101,1000005,,,,,,,2026-01-28,1,,,,,エスエムシーゼロフォーゼロツー,0
1070,2010001262405,新規,0,2026-01-28,2026-01-28,株式会社Ｔｅｎｓｏｒｙ,,株式会社,東京都,中央区,日本橋室町１丁目１１番１２号日本橋水野ビル７階,,13,102,1030022,,,,,,,2026-01-28,1,,,,,テンソリー,0
1073,2010003050023,新規,0,2026-01-28,2026-01-28,ＳＡＶＯＲ　ＬＡＢ合同会社,,合同会社,東京都,中央区,銀座１丁目１２番４号Ｎ＆ＥＢＬＤ．６Ｆ,,13,102,1040061,,,,,,,2026-01-28,1,,,,,セイバーラボ,0
1074,2010005041251,新規,0,2026-01-28,2026-01-28,一般社団法人日本支援機器開発推進機構,,その他の設立登記法人,東京都,文京区,本郷３丁目２番地１２号,,13,105,1130033,,,,,,,2026-01-28,1,,,,,ニホンシエンキキカイハツスイシンキコウ,0
1075,2010005041276,新規,0,2026-01-28,2026-01-28,一般社団法人愛天会,,その他の設立登記法人,東京都,千代田区,麹町４丁目５番地麹町アネックス７階,,13,101,1020083,,,,,,,2026-01-28,1,,,,,アイテンカイ,0
1076,2010005041292,新規,0,2026-01-28,2026-01-28,一般財団法人ＰＡＯＳ,,その他の設立登記法人,東京都,千代田区,平河町１丁目５番１５号ＶＯＲＴ平河町８０１号室,,13,101,1020093,,,,,,,2026-01-28,1,,,,,パオス,0
1326,2010401196095,新規,0,2026-01-28,2026-01-28,株式会社ＯＮＳＫＩ,,株式会社,東京都,港区,北青山１丁目３番１号アールキューブ青山３階,,13,103,1070061,,,,,,,2026-01-28,1,,,,,オンスキ,0
1328,2010403037149,新規,0,2026-01-28,2026-01-28,合同会社ｙｕｊ,,合同会社,東京都,港区,北青山１丁目３番１号アールキューブ青山３階,,13,103,1070061,,,,,,,2026-01-28,1,,,,,ユジュ,0
1329,2010403037157,新規,0,2026-01-28,2026-01-28,Ｅｙｒｅ合同会社,,合同会社,東京都,港区,西新橋１丁目１番１号ＥＰコンサルティングサービス内,,13,103,1050003,,,,,,,2026-01-28,1,,,,,エア,0
1330,2010405025291,新規,0,2026-01-28,2026-01-28,Ｔａｚａｗａ一般社団法人,,その他の設立登記法人,東京都,港区,西新橋１丁目１番１号ＥＰコンサルティングサービス内,,13,103,1050003,,,,,,,2026-01-28,1,,,,,タザワ,0
1383,2010705003848,新規,0,2026-01-28,2026-01-28,監査法人ＷＩＮＤＵＰ,,その他の設立登記法人,東京都,品川区,西五反田８丁目１番１３号ＧＢＳ－Ｂ－８号,,13,109,1410031,,,,,,,2026-01-28,1,,,,,ワインドアップ,0
1385,2010801037007,新規,0,2026-01-28,2026-01-28,株式会社ＯＬＩＮＡ,,株式会社,東京都,大田区,蒲田５丁目２８－１３,,13,111,1440052,,,,,,,2026-01-28,1,,,,,オリナ,0
1387,2010901058836,新規,0,2026-01-28,2026-01-28,馬場不動産株式会社,,株式会社,東京都,世田谷区,大蔵５丁目５番４号,,13,112,1570074,,,,,,,2026-01-28,1,,,,,ババフドウサン,0
1391,2011001174887,新規,0,2026-01-28,2026-01-28,株式会社ＣｈａｌｌｅｎｇｅＬｉｎｋ,,株式会社,東京都,渋谷区,円山町５番３号ＭＩＥＵＸ渋谷ビル８階,,13,113,1500044,,,,,,,2026-01-28,1,,,,,チャレンジリンク,0
1393,2011003023365,新規,0,2026-01-28,2026-01-28,合同会社パリ,,合同会社,東京都,渋谷区,本町３丁目３８－１スカーラ西新宿シティプラザ３０４,,13,113,1510071,,,,,,,2026-01-28,1,,,,,パリ,0
1394,2011003023407,新規,0,2026-01-28,2026-01-28,Ｓｐｅｃｔｒａ合同会社,,合同会社,東京都,目黒区,上目黒３丁目１－１０ヴェルデナポリ２０３,,13,110,1530051,,,,,,,2026-01-28,1,,,,,,0
1399,2011101114693,新規,0,2026-01-28,2026-01-28,ｉｏ株式会社,,株式会社,東京都,新宿区,西新宿３丁目３番１３号西新宿水間ビル２Ｆ,,13,104,1600023,,,,,,,2026-01-28,1,,,,,アイオー,0
1400,2011101114792,新規,0,2026-01-28,2026-01-28,東京ＤＷＲヘルスコンサルティング株式会社,,株式会社,東京都,新宿区,北新宿２丁目２１番２－８０７号,,13,104,1690074,,,,,,,2026-01-28,1,,,,,トウキョウディーダブリュアールヘルスコンサルティング,0
1429,2011601029342,新規,0,2026-01-28,2026-01-28,株式会社Ｖｅｎｔｒｙ,,株式会社,東京都,練馬区,練馬１丁目２０番８号日建練馬ビル２Ｆ,,13,120,1760001,,,,,,,2026-01-28,1,,,,,ベントリー,0
1435,2012801024488,新規,0,2026-01-28,2026-01-28,株式会社寿,,株式会社,東京都,国分寺市,東恋ヶ窪３丁目１９番地６,,13,214,1850014,,,,,,,2026-01-28,1,,,,,コトブキ,0
1436,2013301055651,新規,0,2026-01-28,2026-01-28,リカーリング株式会社,,株式会社,東京都,豊島区,西池袋１丁目３８番１号池袋ＹＳステージパートＩＩ５階,00142356,13,116,1710021,,,,,,,2026-01-28,1,,,,,リカーリング,0
1440,2020001166778,新規,0,2026-01-28,2026-01-28,株式会社ｆｉｒｓｔ＆ｅｆｆｅｃｔ,,株式会社,神奈川県,横浜市西区,浅間町１丁目４番３号ウィザードビル４０２,,14,103,2200072,,,,,,,2026-01-28,1,,,,,ファーストアンドエフェクト,0
1442,2020005017127,新規,0,2026-01-28,2026-01-28,特定非営利活動法人ドゥイット,,その他の設立登記法人,神奈川県,横浜市南区,別所２丁目２１番１６号,,14,105,2320064,,,,,,,2026-01-28,1,,,,,ドゥイット,0
1444,2021001087345,新規,0,2026-01-28,2026-01-28,日印マーケティング＆プロモーション株式会社,,株式会社,神奈川県,逗子市,逗子７丁目１番５７号カイナル逗子３０３,,14,208,2490006,,,,,,,2026-01-28,1,,,,,ニチインマーケティングアンドプロモーション,0
1445,2021001087353,新規,0,2026-01-28,2026-01-28,株式会社ｎａｙＬｏ,,株式会社,神奈川県,足柄下郡湯河原町,吉浜１９１２番地の６６,,14,384,2590312,,,,,,,2026-01-28,1,,,,,ネイロ,0
1446,2021001087386,新規,0,2026-01-28,2026-01-28,株式会社ＲＳプロパティ,,株式会社,神奈川県,平塚市,高浜台３０番３－３０１号ダイアパレスグランデージ湘南平塚,,14,203,2540805,,,,,,,2026-01-28,1,,,,,アールエスプロパティ,0
1448,2021003017052,新規,0,2026-01-28,2026-01-28,江の島エッジ合同会社,,合同会社,神奈川県,藤沢市,南藤沢７番２号沢滝ビル２階,,14,205,2510055,,,,,,,2026-01-28,1,,,,,エノシマエッジ,0
1451,2030001170663,新規,0,2026-01-28,2026-01-28,株式会社藤井農技,,株式会社,埼玉県,八潮市,緑町４丁目２－１２－２Ｆ,,11,234,3400808,,,,,,,2026-01-28,1,,,,,フジイノウギ,0
1452,2030001170721,新規,0,2026-01-28,2026-01-28,株式会社ｎｏ．１３,,株式会社,埼玉県,朝霞市,本町２丁目２０番８号ビラクレールＩＩＩ－１０１,00142361,11,227,3510011,,,,,,,2026-01-28,1,,,,,ナンバージュウサン,0
1453,2030001170738,新規,0,2026-01-28,2026-01-28,株式会社木村建築,,株式会社,埼玉県,北葛飾郡杉戸町,大字本郷１６７０番地１,,11,464,3450023,,,,,,,2026-01-28,1,,,,,キムラケンチク,0
1469,2050001057909,新規,0,2026-01-28,2026-01-28,株式会社ＧＬＩＥ,,株式会社,茨城県,猿島郡五霞町,大字元栗橋５１０１番２０,,08,542,3060313,,,,,,,2026-01-28,1,,,,,ジーエルアイイー,0
1733,2070003006275,新規,0,2026-01-28,2026-01-28,合同会社ｃｉｔｙ,,合同会社,群馬県,邑楽郡大泉町,大字吉田９８６－４２,,10,524,3700523,,,,,,,2026-01-28,1,,,,,シティ,0
1764,2120001283605,新規,0,2026-01-28,2026-01-28,株式会社Ａｇｅｎｔ　Ｏｎｅ,,株式会社,大阪府,大阪市北区,梅田１丁目２番２号大阪駅前第２ビル１２－１２,,27,127,5300001,,,,,,,2026-01-28,1,,,,,エージェントワン,0
1765,2120001283679,新規,0,2026-01-28,2026-01-28,株式会社リバース,,株式会社,大阪府,大阪市西区,新町２丁目５番１－１２０３号,,27,106,5500013,,,,,,,2026-01-28,1,,,,,リバース,0
1766,2120001283704,新規,0,2026-01-28,2026-01-28,株式会社セイル,,株式会社,大阪府,大阪市西成区,南津守４丁目１番７０－１７２号,,27,122,5570063,,,,,,,2026-01-28,1,,,,,セイル,0
1767,2120001283712,新規,0,2026-01-28,2026-01-28,株式会社ＥＩＧＨＴ,,株式会社,大阪府,大阪市福島区,福島１丁目４番４０号,,27,103,5530003,,,,,,,2026-01-28,1,,,,,エイト,0
1768,2120001283729,新規,0,2026-01-28,2026-01-28,株式会社トランザム,,株式会社,大阪府,大阪市天王寺区,寺田町２丁目４－１３彩貴ビル４Ｆ,,27,109,5430045,,,,,,,2026-01-28,1,,,,,トランザム,0
1769,2120001283737,新規,0,2026-01-28,2026-01-28,株式会社真心,,株式会社,大阪府,大阪市生野区,勝山北５丁目２番１３号,,27,116,5440033,,,,,,,2026-01-28,1,,,,,マゴコロ,0
1771,2120003031788,新規,0,2026-01-28,2026-01-28,合同会社ＵＴ,,合同会社,大阪府,大阪市中央区,瓦町１丁目６番１－４３０６号,,27,128,5410048,,,,,,,2026-01-28,1,,,,,ユーティー,0
1773,2120005025383,新規,0,2026-01-28,2026-01-28,一般社団法人ふたり,,その他の設立登記法人,大阪府,大阪市住吉区,帝塚山中１丁目１０番３－１０１号,,27,120,5580053,,,,,,,2026-01-28,1,,,,,フタリ,0
1776,2120101073121,新規,0,2026-01-28,2026-01-28,株式会社Ｂｒｉｄｇｅ,,株式会社,大阪府,藤井寺市,岡１丁目４番１０号,,27,226,5830027,,,,,,,2026-01-28,1,,,,,ブリッジ,0
1839,2122001040119,新規,0,2026-01-28,2026-01-28,株式会社パニスタ,,株式会社,大阪府,四條畷市,田原台７丁目５番２６号,,27,229,5750013,,,,,,,2026-01-28,1,,,,,パニスタ,0
1840,2122005003872,新規,0,2026-01-28,2026-01-28,医療法人鈴木歯科医院,,その他の設立登記法人,大阪府,東大阪市,高井田元町２丁目１０番１４号,,27,227,5770054,,,,,,,2026-01-28,1,,,,,スズキシカイイン,0
1875,2130001081470,新規,0,2026-01-28,2026-01-28,株式会社ＧＬＯＷ,,株式会社,京都府,京都市伏見区,醍醐下山口町２２番地２下山口ビル２０４,,26,109,6011343,,,,,,,2026-01-28,1,,,,,グロー,0
1893,2140001141505,新規,0,2026-01-28,2026-01-28,株式会社ルミネックスグループ,,株式会社,兵庫県,神戸市西区,春日台３丁目１番地５－３０１号,,28,111,6512276,,,,,,,2026-01-28,1,,,,,ルミネックスグループ,0
1895,2140003023123,新規,0,2026-01-28,2026-01-28,合同会社ちょこっとパートナーズ,,合同会社,兵庫県,宝塚市,中筋３丁目２１－１,,28,214,6650874,,,,,,,2026-01-28,1,,,,,チョコットパートナーズ,0
1908,2180001170426,新規,0,2026-01-28,2026-01-28,ＭＳＨＩＣＭ株式会社,,株式会社,愛知県,名古屋市西区,大野木４丁目４９４番地,,23,104,4520803,,,,,,,2026-01-28,1,,,,,ムシカム,0
1909,2180001170434,新規,0,2026-01-28,2026-01-28,株式会社エタペ,,株式会社,愛知県,名古屋市中村区,鳥居通３丁目３９番地サンパーク本陣２０１号,,23,105,4530044,,,,,,,2026-01-28,1,,,,,エタペ,0
1913,2180301040642,新規,0,2026-01-28,2026-01-28,株式会社ＮＵＲＢＹ,,株式会社,愛知県,岡崎市,明大寺本町４丁目８番地２,,23,202,4440860,,,,,,,2026-01-28,1,,,,,ナービー,0
1915,2180303006880,新規,0,2026-01-28,2026-01-28,合同会社ＴＨＥ　ＰＥＴ　ＣＯＭＰＡＮＹ,,合同会社,愛知県,蒲郡市,栄町８－２７,,23,214,4430035,,,,,,,2026-01-28,1,,,,,,0
1917,2200003007210,新規,0,2026-01-28,2026-01-28,合同会社ＴＳＵＢＡＫＩ,,合同会社,岐阜県,岐阜市,長住町２丁目６－２新岐阜ビル５Ｆ南,,21,201,5008175,,,,,,,2026-01-28,1,,,,,ツバキ,0
1937,2240001066097,新規,0,2026-01-28,2026-01-28,Ｓａｎ　Ｒｏｏｔｓ株式会社,,株式会社,広島県,三原市,城町１丁目１２番５号,,34,204,7230014,,,,,,,2026-01-28,1,,,,,サンルーツ,0
1941,2250001021522,新規,0,2026-01-28,2026-01-28,株式会社アムズデンタルクリエイト,,株式会社,山口県,下松市,大字河内３番地６,,35,207,7440061,,,,,,,2026-01-28,1,,,,,アムズデンタルクリエイト,0
1950,2290001112887,新規,0,2026-01-28,2026-01-28,株式会社コネクトライズ,,株式会社,福岡県,福岡市東区,馬出２丁目４番２５－９０２号,,40,131,8120054,,,,,,,2026-01-28,1,,,,,コネクトライズ,0
1951,2290001112945,新規,0,2026-01-28,2026-01-28,ＫＥＹ　ＳＩＧＮＡＬ　ＧＲＯＵＰ株式会社,,株式会社,福岡県,福岡市博多区,博多駅前４丁目１６番６号－２０６,,40,132,8120011,,,,,,,2026-01-28,1,,,,,キーシグナルグループ,0
1954,2290003017944,新規,0,2026-01-28,2026-01-28,メディルノ合同会社,,合同会社,福岡県,福岡市中央区,天神２丁目２番１２号Ｔ＆Ｊビルディング７Ｆ,,40,133,8100001,,,,,,,2026-01-28,1,,,,,メディルノ,0
1955,2290801032203,新規,0,2026-01-28,2026-01-28,株式会社Ｔｗｏ　Ｂｅａｎｓ,,株式会社,福岡県,北九州市八幡西区,上の原３丁目２３番４号,,40,109,8070071,,,,,,,2026-01-28,1,,,,,トゥービーンズ,0
1978,2330001033955,新規,0,2026-01-28,2026-01-28,株式会社ｉｓｍ,,株式会社,熊本県,熊本市中央区,琴平２丁目６番４４号,,43,101,8600813,,,,,,,2026-01-28,1,,,,,イズム,0
1981,2340001027931,新規,0,2026-01-28,2026-01-28,株式会社ニシトヒガシ,,株式会社,鹿児島県,西之表市,古田１１７３番地１,,46,213,8913431,,,,,,,2026-01-28,1,,,,,ニシトヒガシ,0
1983,2350001019911,新規,0,2026-01-28,2026-01-28,株式会社ＢＯＤＹ　ＬＩＦＥ,,株式会社,宮崎県,宮崎市,南花ケ島町１３２－１川村ビル１Ｆ,,45,201,8800055,,,,,,,2026-01-28,1,,,,,ボディライフ,0
1986,2360003015577,新規,0,2026-01-28,2026-01-28,合同会社Ｆｒｏｍ　Ｓｔｒｅｅｔ,,合同会社,沖縄県,那覇市,樋川１丁目２９－１１,,47,201,9000022,,,,,,,2026-01-28,1,,,,,フロムストリート,0
1987,2360005007358,新規,0,2026-01-28,2026-01-28,一般社団法人鳳喜会,,その他の設立登記法人,沖縄県,名護市,大北３丁目１２番４３号,,47,209,9050019,,,,,,,2026-01-28,1,,,,,ホウキカイ,0
1989,2400001017298,新規,0,2026-01-28,2026-01-28,株式会社シャインネクスト,,株式会社,岩手県,九戸郡洋野町,種市第５０地割３０番地７,,03,507,0287917,,,,,,,2026-01-28,1,,,,,シャインネクスト,0
2073,2430001096133,新規,0,2026-01-28,2026-01-28,株式会社札幌カレー,,株式会社,北海道,札幌市中央区,南十九条西１４丁目２番３５号,,01,101,0640919,,,,,,,2026-01-28,1,,,,,サッポロカレー,0
2104,2460001006064,新規,0,2026-01-28,2026-01-28,株式会社アシタズ,,株式会社,北海道,阿寒郡鶴居村,鶴居南４丁目１３番地,,01,667,0851204,,,,,,,2026-01-28,1,,,,,アシタズ,0
2106,2460101007813,新規,0,2026-01-28,2026-01-28,アグリ梱包株式会社,,株式会社,北海道,足寄郡足寄町,西町７丁目４―２６,,01,647,0893733,,,,,,,2026-01-28,1,,,,,アグリコンポウ,0
2109,2490001011268,新規,0,2026-01-28,2026-01-28,株式会社ＮＧＳヘリテージ,,株式会社,高知県,高知市,帯屋町２丁目１－１８オパールビル１Ｃ,,39,201,7800841,,,,,,,2026-01-28,1,,,,,エヌジーエスヘリテージ,0
2111,2700150134178,新規,0,2026-01-28,2026-01-28,ＣｏｒｐｏｒａｔｅＣｏｎｎｅｃｔｉｏｎｓＧｌｏｂａｌ，ＬＬＣ,,外国会社等,,,,,,,,３４３０　Ｔｏｒｒｉｎｇｔｏｎ　Ｗａｙ，Ｓｕｉｔｅ　３００　Ｃｈａｒｌｏｔｔｅ，Ｎｏｒｔｈ　Ｃａｒｏｌｉｎａ　２８２７７，ＵＳＡ,,,,,,2026-01-28,1,,,,,コーポレートコネクシヨングローバルエルエルシー,0
2112,2700150134186,新規,0,2026-01-28,2026-01-28,ＢＥＣＯＩＮＴＥＲＮＡＴＩＯＮＡＬＥＮＴＥＲＰＲＩＳＥＣＯ．，ＬＴＤ,,外国会社等,,,,,,,,サモア独立国、アピア、サレウフィ通り、ニアモール２階２５号室,,,,,,2026-01-28,1,,,,,ベコインターナシヨナルエンタープライズカンパニーリミテツド,0
2362,3010401195823,新規,0,2026-01-28,2026-01-28,株式会社Ｍ．Ｏ．Ｓ．Ｋ．,,株式会社,東京都,港区,赤坂１丁目５番１３号,,13,103,1070052,,,,,,,2026-01-28,1,,,,,モスク,0
2363,3010401196020,新規,0,2026-01-28,2026-01-28,Ｔｌｅｖｅｒ株式会社,,株式会社,東京都,港区,虎ノ門３丁目８－２１虎ノ門３３森ビル７階,,13,103,1050001,,,,,,,2026-01-28,1,,,,,トレバー,0
2367,3010405025233,新規,0,2026-01-28,2026-01-28,ジャパン・コスモス特定目的会社,,その他の設立登記法人,東京都,港区,虎ノ門３丁目２２番１０－２０１号,,13,103,1050001,,,,,,,2026-01-28,1,,,,,ジャパンコスモス,0
2368,3010405025290,新規,0,2026-01-28,2026-01-28,Ｏｒｔａ一般社団法人,,その他の設立登記法人,東京都,港区,西新橋１丁目１番１号ＥＰコンサルティングサービス内,,13,103,1050003,,,,,,,2026-01-28,1,,,,,オルタ,0
2371,3010501055357,新規,0,2026-01-28,2026-01-28,株式会社ＤＣＲ,,株式会社,東京都,台東区,三筋２丁目２２番４号,,13,106,1110055,,,,,,,2026-01-28,1,,,,,ディーシーアール,0
2372,3010501055365,新規,0,2026-01-28,2026-01-28,株式会社ＣＭＧ,,株式会社,東京都,台東区,池之端１丁目１番１号,,13,106,1100008,,,,,,,2026-01-28,1,,,,,シーエムジー,0
2375,3010503008156,新規,0,2026-01-28,2026-01-28,合同会社たまみ,,合同会社,東京都,台東区,浅草３丁目３７番１１号,,13,106,1110032,,,,,,,2026-01-28,1,,,,,タマミ,0
2448,3011001175158,新規,0,2026-01-28,2026-01-28,株式会社ＦＴＩＰ,,株式会社,東京都,渋谷区,道玄坂１丁目１０番８号渋谷道玄坂東急ビル２Ｆ－Ｃ,,13,113,1500043,,,,,,,2026-01-28,1,,,,,フィティップ,0
2449,3011001175208,新規,0,2026-01-28,2026-01-28,株式会社Ｔｅｃｏｎａ　Ｂａｇｅｌ,,株式会社,東京都,渋谷区,富ヶ谷１丁目５１番１２号代々木公園ハウスＢ１階,,13,113,1510063,,,,,,,2026-01-28,1,,,,,テコナベーグル,0
2450,3011001175273,新規,0,2026-01-28,2026-01-28,株式会社ＰＲＥＲＡＫＡ,,株式会社,東京都,渋谷区,神南１丁目１１番４号ＦＰＧリンクス神南５階,,13,113,1500041,,,,,,,2026-01-28,1,,,,,プレラカ,0
2453,3011003023356,新規,0,2026-01-28,2026-01-28,ロングボウ合同会社,,合同会社,東京都,渋谷区,恵比寿西２丁目８番４号ＥＸ恵比寿西ビル５階,,13,113,1500021,,,,,,,2026-01-28,1,,,,,ロングボウ,0
2454,3011003023439,新規,0,2026-01-28,2026-01-28,ＡＩ　Ｂｏｏｋｓｔｏｒｅ　Ｊａｐａｎ合同会社,,合同会社,東京都,渋谷区,神宮前６丁目２３番４号桑野ビル２階,,13,113,1500001,,,,,,,2026-01-28,1,,,,,エーアイブックストアジャパン,0
2461,3011101114552,新規,0,2026-01-28,2026-01-28,Ｆ＆Ｋプロフェッショナルサービス株式会社,,株式会社,東京都,新宿区,西新宿３丁目３番１３号西新宿水間ビル２Ｆ,,13,104,1600023,,,,,,,2026-01-28,1,,,,,エフケイプロフェッショナルサービス,0
2462,3011101114560,新規,0,2026-01-28,2026-01-28,株式会社ピクセル,,株式会社,東京都,新宿区,西新宿３丁目３番１３号西新宿水間ビル２Ｆ,,13,104,1600023,,,,,,,2026-01-28,1,,,,,ピクセル,0
2468,3011301031226,新規,0,2026-01-28,2026-01-28,株式会社エバーカインド,,株式会社,東京都,杉並区,松ノ木１丁目１１番１０－２０１号,,13,115,1660014,,,,,,,2026-01-28,1,,,,,エバーカインド,0
2469,3011303005839,新規,0,2026-01-28,2026-01-28,合同会社グリーンドア,,合同会社,東京都,杉並区,和田２丁目２６番３号パークシティ杉並ウエストコート２０５,,13,115,1660012,,,,,,,2026-01-28,1,,,,,グリーンドア,0
2486,3011501033047,新規,0,2026-01-28,2026-01-28,株式会社バックページ,,株式会社,東京都,荒川区,西日暮里１丁目１１番５号,,13,118,1160013,,,,,,,2026-01-28,1,,,,,バックページ,0
2494,3011703004507,新規,0,2026-01-28,2026-01-28,合同会社スモールリバー,,合同会社,東京都,江戸川区,北小岩２丁目１０番７－１３０２号,,13,123,1330051,,,,,,,2026-01-28,1,,,,,スモールリバー,0
2496,3012801024495,新規,0,2026-01-28,2026-01-28,株式会社野栄建設,,株式会社,東京都,日野市,東豊田４丁目１７番地の３,,13,212,1910052,,,,,,,2026-01-28,1,,,,,ヤエイケンセツ,0
2497,3012801024504,新規,0,2026-01-28,2026-01-28,株式会社本田興業,,株式会社,東京都,東大和市,仲原３丁目４番地の２３,,13,220,2070016,,,,,,,2026-01-28,1,,,,,ホンダコウギョウ,0
2504,3020001166785,新規,0,2026-01-28,2026-01-28,株式会社グッドホールディングス,,株式会社,神奈川県,川崎市宮前区,犬蔵１丁目１８番１４号,,14,136,2160011,,,,,,,2026-01-28,1,,,,,グッドホールディングス,0
2505,3020001166868,新規,0,2026-01-28,2026-01-28,株式会社Ｃｒａｗｌｕｐ,,株式会社,神奈川県,横浜市緑区,長津田３丁目３番３号,,14,113,2260027,,,,,,,2026-01-28,1,,,,,クロールアップ,0
2508,3021001087286,新規,0,2026-01-28,2026-01-28,株式会社Ｍｙｌｅｃｔ,,株式会社,神奈川県,横須賀市,日の出町１丁目１－６リアライズ横須賀,,14,201,2380006,,,,,,,2026-01-28,1,,,,,マイレクト,0
2509,3021001087328,新規,0,2026-01-28,2026-01-28,株式会社ルナソル,,株式会社,神奈川県,藤沢市,辻堂西海岸１丁目５番１－４１１号,,14,205,2510046,,,,,,,2026-01-28,1,,,,,ルナソル,0
2510,3021001087352,新規,0,2026-01-28,2026-01-28,株式会社藤田商店,,株式会社,神奈川県,横須賀市,野比１丁目５１－１４,,14,201,2390841,,,,,,,2026-01-28,1,,,,,フジタショウテン,0
2523,3030001170737,新規,0,2026-01-28,2026-01-28,智創株式会社,,株式会社,埼玉県,さいたま市南区,白幡１丁目１６－１７メゾン中尾第２－２０３号室,,11,108,3360022,,,,,,,2026-01-28,1,,,,,チソウ,0
2526,3030003028487,新規,0,2026-01-28,2026-01-28,合同会社アールサービス,,合同会社,埼玉県,三郷市,高州２丁目３７８番地９,,11,237,3410037,,,,,,,2026-01-28,1,,,,,アールサービス,0
2530,3040001142256,新規,0,2026-01-28,2026-01-28,千成オートサービス株式会社,,株式会社,千葉県,成田市,長田８２６－１６,,12,211,2860108,,,,,,,2026-01-28,1,,,,,センナリオートサービス,0
2535,3050001057908,新規,0,2026-01-28,2026-01-28,株式会社ＤＪＭ,,株式会社,茨城県,かすみがうら市,宍倉１２８番地,,08,230,3000121,,,,,,,2026-01-28,1,,,,,デジマ,0
2541,3050003009898,新規,0,2026-01-28,2026-01-28,ＭｉｔｏＩｂａ不動産Ｄｅｓｉｇｎ合同会社,,合同会社,茨城県,水戸市,千波町１６５６番地２５号シーブリーズ千波１０２号室,,08,201,3100851,,,,,,,2026-01-28,1,,,,,ミトイバフドウサンデザイン,0
2812,3080003003642,新規,0,2026-01-28,2026-01-28,合同会社てみよ２３,,合同会社,静岡県,静岡市葵区,北安東４丁目１４番５０－４号,,22,101,4200881,,,,,,,2026-01-28,1,,,,,テミヨベンティトレス,0
2820,3110001039866,新規,0,2026-01-28,2026-01-28,光雨コレクティブ株式会社,,株式会社,新潟県,妙高市,大字杉野沢１７２６番地３,,15,217,9492113,,,,,,,2026-01-28,1,,,,,コウコレクティブ,0
2835,3120001283694,新規,0,2026-01-28,2026-01-28,Ｎｅｗ　Ｇｅｎｅｒａｔｉｏｎ　Ａｖｉａｔｉｏｎ株式会社,,株式会社,大阪府,大阪市北区,松ケ枝町１番４１号－２０１号室,,27,127,5300037,,,,,,,2026-01-28,1,,,,,ニュージェネレーションアビエーション,0
2836,3120001283711,新規,0,2026-01-28,2026-01-28,株式会社ケイユウリッツウェルロイヤルコンサルタント,,株式会社,大阪府,大阪市北区,鶴野町４番１１号朝日プラザ梅田２Ｆ－１１９,,27,127,5300014,,,,,,,2026-01-28,1,,,,,ケイユウリッツウェルロイヤルコンサルタント,0
2839,3120003031655,新規,0,2026-01-28,2026-01-28,合同会社カーサ・ヴェッキア,,合同会社,大阪府,大阪市阿倍野区,阿倍野筋１丁目７番２０－４０７号,,27,119,5450052,,,,,,,2026-01-28,1,,,,,カーサヴェッキア,0
2840,3120003031795,新規,0,2026-01-28,2026-01-28,ＶＶＩＴ合同会社,,合同会社,大阪府,大阪市北区,梅田１丁目２番２号大阪駅前第２ビル１２－１２,,27,127,5300001,,,,,,,2026-01-28,1,,,,,ビビット,0
2844,3120101073120,新規,0,2026-01-28,2026-01-28,ブリッジパークプロジェクトグループ株式会社,,株式会社,大阪府,泉南市,幡代３丁目８３８番地の１,,27,228,5900524,,,,,,,2026-01-28,1,,,,,ブリッジパークプロジェクトグループ,0
2875,3120901052133,新規,0,2026-01-28,2026-01-28,株式会社ＪＯＪＯ,,株式会社,大阪府,豊中市,東泉丘４丁目２番１０‐３０１号,,27,203,5610861,,,,,,,2026-01-28,1,,,,,ジョジョ,0
2899,3122001040126,新規,0,2026-01-28,2026-01-28,株式会社ＨＯＰＥ,,株式会社,大阪府,東大阪市,新家中町１番８－３０３号,,27,227,5770027,,,,,,,2026-01-28,1,,,,,ホープ,0
2947,3130001081511,新規,0,2026-01-28,2026-01-28,株式会社ＴＭ,,株式会社,京都府,京都市伏見区,奉行前町３番地プレサンスロジェ伏見桃山５１３号,,26,109,6128108,,,,,,,2026-01-28,1,,,,,ティーエム,0
2952,3130003011111,新規,0,2026-01-28,2026-01-28,３Ｗｉｎ合同会社,,合同会社,京都府,宇治市,木幡御園２０番地の１７９,,26,204,6110002,,,,,,,2026-01-28,1,,,,,スリーウィン,0
2969,3140003023139,新規,0,2026-01-28,2026-01-28,合同会社ＡＸＥＬ,,合同会社,兵庫県,神戸市東灘区,向洋町中１丁目１０番地１０１号棟２００６号室,,28,101,6580032,,,,,,,2026-01-28,1,,,,,アクセル,0
2972,3140005027781,新規,0,2026-01-28,2026-01-28,医療法人伸和会,,その他の設立登記法人,兵庫県,西宮市,学文殿町１丁目８番２０号,,28,204,6638182,,,,,,,2026-01-28,1,,,,,シンワカイ,0
2984,3180001170433,新規,0,2026-01-28,2026-01-28,株式会社Ｍａｔｅ,,株式会社,愛知県,名古屋市守山区,大字上志段味字東谷２０８５－８５,,23,113,4630001,,,,,,,2026-01-28,1,,,,,メイト,0
2985,3180001170441,新規,0,2026-01-28,2026-01-28,株式会社Ｍａｉｓｏｎ　Ｋａｊｉｔａ,,株式会社,愛知県,春日井市,角崎町７２番地２,,23,206,4860943,,,,,,,2026-01-28,1,,,,,メゾンカジタ,0
2991,3180005021401,新規,0,2026-01-28,2026-01-28,一般社団法人ライフサポート,,その他の設立登記法人,愛知県,名古屋市西区,上小田井２丁目１７３番地,,23,104,4520821,,,,,,,2026-01-28,1,,,,,ライフサポート,0
3000,3200001044659,新規,0,2026-01-28,2026-01-28,株式会社ＭＯＲＥｃｏｎｎｅｃｔ,,株式会社,岐阜県,瑞穂市,牛牧１２９３番地１０４,,21,216,5010234,,,,,,,2026-01-28,1,,,,,モアコネクト,0
3012,3220001027141,新規,0,2026-01-28,2026-01-28,株式会社Ｖａｒｉｅｔｙ,,株式会社,石川県,能美郡川北町,字橘新チ３１番地１,,17,324,9231277,,,,,,,2026-01-28,1,,,,,バラエティ,0
3019,3250001021521,新規,0,2026-01-28,2026-01-28,株式会社夢吉,,株式会社,山口県,岩国市,玖珂町５３６２番地２１,,35,208,7420344,,,,,,,2026-01-28,1,,,,,ユメヨシ,0
3024,3260003005496,新規,0,2026-01-28,2026-01-28,合同会社ＵＭＣミライ,,合同会社,岡山県,岡山市中区,国富２丁目２５番３号,,33,102,7038236,,,,,,,2026-01-28,1,,,,,ユーエムシーミライ,0
3029,3290005019979,新規,0,2026-01-28,2026-01-28,司法書士法人セントベーネ,,その他の設立登記法人,福岡県,福岡市中央区,赤坂１丁目１６番１３号,,40,133,8100042,,,,,,,2026-01-28,1,,,,,セントベーネ,0
3031,3290801032210,新規,0,2026-01-28,2026-01-28,株式会社ｌａ　ｖｉｅ　ｈｏｍｅ,,株式会社,福岡県,北九州市小倉南区,湯川新町３丁目７番３８号,,40,107,8000256,,,,,,,2026-01-28,1,,,,,ラヴィホーム,0
3060,3340001027930,新規,0,2026-01-28,2026-01-28,株式会社Ｅａｓｔ　Ｂｌｕｅ,,株式会社,鹿児島県,肝属郡肝付町,後田８９３７番地２,,46,492,8931203,,,,,,,2026-01-28,1,,,,,イーストブルー,0
3067,3360003015576,新規,0,2026-01-28,2026-01-28,合同会社ＳＡＤＡＨＡＲＵ,,合同会社,沖縄県,中頭郡北谷町,桑江１丁目１３番２５号ＬＩＡＸＩＡマンション２０２,,47,326,9040103,,,,,,,2026-01-28,1,,,,,サダハル,0
3068,3360003015584,新規,0,2026-01-28,2026-01-28,合同会社Ｔｈｉｒｄ．Ｐｌａｃｅ,,合同会社,沖縄県,浦添市,当山１丁目７番１８号,,47,208,9012104,,,,,,,2026-01-28,1,,,,,サードプレイス,0
3069,3360005007357,新規,0,2026-01-28,2026-01-28,一般社団法人沖縄県宿泊事業者協会,,その他の設立登記法人,沖縄県,那覇市,牧志３丁目６番１５号２Ｆ,,47,201,9000013,,,,,,,2026-01-28,1,,,,,オキナワケンシュクハクジギョウシャキョウカイ,0
3071,3370003007457,新規,0,2026-01-28,2026-01-28,アクアワークス合同会社,,合同会社,宮城県,宮城郡利府町,加瀬字南野中沢４６番地３,,04,406,9810111,,,,,,,2026-01-28,1,,,,,アクアワークス,0
3074,3390001018231,新規,0,2026-01-28,2026-01-28,株式会社Ｂｅ　Ｃｏｏｌ　Ｔｒａｄｅ,,株式会社,山形県,寒河江市,小沼町１１９番地,,06,206,9910045,,,,,,,2026-01-28,1,,,,,ビークールトレード,0
3075,3400005008540,新規,0,2026-01-28,2026-01-28,一般社団法人わわわ,,その他の設立登記法人,岩手県,滝沢市,大釜高森１７番地３,,03,216,0200756,,,,,,,2026-01-28,1,,,,,,0
3153,3430001096132,新規,0,2026-01-28,2026-01-28,株式会社ＮＯＲＤ‐Ｘ,,株式会社,北海道,札幌市北区,北二十四条西１９丁目５番２１号,,01,102,0010024,,,,,,,2026-01-28,1,,,,,ノードエックス,0
3188,3500001026750,新規,0,2026-01-28,2026-01-28,株式会社さく,,株式会社,愛媛県,西条市,小松町新屋敷甲２２３１番地１,,38,206,7991101,,,,,,,2026-01-28,1,,,,,サク,0
3189,3700150003076,新規,0,2026-01-28,2015-10-09,海外再処理委員会事務局,,その他,東京都,千代田区,内幸町１丁目２－２日比谷ダイビル１１階,,13,101,1000011,,,,,,,2015-10-09,1,,,,,カイガイサイシヨリイインカイジムキヨク,0
3190,3700150134169,新規,0,2026-01-28,2026-01-27,たまの・港フェスティバル実行委員会,,その他,岡山県,玉野市,築港１丁目１－３　玉野商工会議所内,,33,204,7060002,,,,,,,2026-01-27,1,,,,,タマノミナトフエステイバルジツコウイインカイ,0
3191,3700150134185,新規,0,2026-01-28,2026-01-28,ＴＨＡＭＭＡＮＮＡ　ＴＲＯＰＩＣＡＬ（ＰＶＴ）ＬＴＤ,,外国会社等,栃木県,佐野市,吉水町６９９－６－Ａ,,09,204,3270313,ＷＥＬＬＡＲＡＷＡ，ＢＩＮＧＩＲＩＹＡ，ＫＵＲＵＮＥＧＡＬＡ，ＳＲＩ　ＬＡＮＫＡ,,,,,,2026-01-28,1,,,,,タマナトロピカル,0
3203,4010001261842,新規,0,2026-01-28,2026-01-28,株式会社ＮＫ,,株式会社,東京都,千代田区,神田須田町１丁目７番８号,,13,101,1010041,,,,,,,2026-01-28,1,,,,,エヌケイ,0
3204,4010001262015,新規,0,2026-01-28,2026-01-28,株式会社ＯｎｅＧａｍｅＬａｂ,,株式会社,東京都,千代田区,神田須田町１丁目１３番７号リアライズ神田ビル３階,,13,101,1010041,,,,,,,2026-01-28,1,,,,,ワンゲームラボ,0
3205,4010001262304,新規,0,2026-01-28,2026-01-28,株式会社Ｓｐｉｄｅｙ　Ｔ,,株式会社,東京都,中央区,銀座８丁目５番１９号５階,,13,102,1040061,,,,,,,2026-01-28,1,,,,,スパイディーティー,0
3206,4010001262312,新規,0,2026-01-28,2026-01-28,クローバー・アビエーション・ジャパン株式会社,,株式会社,東京都,千代田区,丸の内１丁目９番２号グラントウキョウサウスタワー１７階１７０５区,,13,101,1000005,,,,,,,2026-01-28,1,,,,,クローバーアビエーションジャパン,0
3210,4010003049988,新規,0,2026-01-28,2026-01-28,合同会社ＧＡＯ,,合同会社,東京都,中央区,銀座３丁目１１番１９－４０３号,,13,102,1040061,,,,,,,2026-01-28,1,,,,,ガオ,0
3211,4010005041274,新規,0,2026-01-28,2026-01-28,一般社団法人Ｂｈａｋｔｉ　ＴＯＫＹＯ,,その他の設立登記法人,東京都,千代田区,九段南２丁目３番２３号,,13,101,1020074,,,,,,,2026-01-28,1,,,,,バクティトーキョー,0
3431,4010401196135,新規,0,2026-01-28,2026-01-28,株式会社Ｓｕｐｒｅｍｅ　Ｐａｒｔｎｅｒｓ,,株式会社,東京都,港区,六本木６丁目１０番１号六本木ヒルズ森タワー１６階,,13,103,1060032,,,,,,,2026-01-28,1,,,,,シュプリームパートナーズ,0
3433,4010403037155,新規,0,2026-01-28,2026-01-28,合同会社Ｃａｒｎｏｔ,,合同会社,東京都,港区,赤坂４丁目８番１９号赤坂フロントタウン３階,,13,103,1070052,,,,,,,2026-01-28,1,,,,,カルノー,0
3434,4010405025208,新規,0,2026-01-28,2026-01-28,ＳＲＰ１特定目的会社,,その他の設立登記法人,東京都,港区,虎ノ門３丁目２２番１０－２０１号,,13,103,1050001,,,,,,,2026-01-28,1,,,,,エスアールピーワン,0
3435,4010405025232,新規,0,2026-01-28,2026-01-28,ジャパン・ミモザ特定目的会社,,その他の設立登記法人,東京都,港区,虎ノ門３丁目２２番１０－２０１号,,13,103,1050001,,,,,,,2026-01-28,1,,,,,ジャパンミモザ,0
3436,4010405025307,新規,0,2026-01-28,2026-01-28,ＣＬＡＲ京阪奈一般社団法人,,その他の設立登記法人,東京都,港区,六本木１丁目９番１０号アークヒルズ仙石山森タワー４０階,,13,103,1060032,,,,,,,2026-01-28,1,,,,,クラーケイハンナ,0
3439,4010501055364,新規,0,2026-01-28,2026-01-28,株式会社ＵＮＣＵＴ,,株式会社,東京都,台東区,寿４丁目１５番６－４０６号パークアクシス浅草・田原町,,13,106,1110042,,,,,,,2026-01-28,1,,,,,アンカット,0
3473,4010601068638,新規,0,2026-01-28,2026-01-28,株式会社タカユエステート,,株式会社,東京都,江東区,南砂１丁目１０番１１号１０２号室,,13,108,1360076,,,,,,,2026-01-28,1,,,,,タカユエステート,0
3505,4010901058801,新規,0,2026-01-28,2026-01-28,東京ゴールデンエステート株式会社,,株式会社,東京都,世田谷区,用賀３丁目２１番６号,,13,112,1580097,,,,,,,2026-01-28,1,,,,,トウキョウゴールデンエステート,0
3510,4011001174910,新規,0,2026-01-28,2026-01-28,株式会社ドイル,,株式会社,東京都,渋谷区,東１丁目２７番６号,,13,113,1500011,,,,,,,2026-01-28,1,,,,,ドイル,0
3511,4011001175149,新規,0,2026-01-28,2026-01-28,バタフライズ株式会社,,株式会社,東京都,渋谷区,広尾１丁目２―１ヒカリビル４Ｆ,,13,113,1500012,,,,,,,2026-01-28,1,,,,,バタフライズ,0
3512,4011001175181,新規,0,2026-01-28,2026-01-28,株式会社Ｏｒｂｅｅ,,株式会社,東京都,渋谷区,道玄坂１丁目１０番８号渋谷道玄坂東急ビル２Ｆ－Ｃ,,13,113,1500043,,,,,,,2026-01-28,1,,,,,オービー,0
3519,4011101114551,新規,0,2026-01-28,2026-01-28,ヴァンセック株式会社,,株式会社,東京都,新宿区,西新宿３丁目３番１３号西新宿水間ビル６階,,13,104,1600023,,,,,,,2026-01-28,1,,,,,ヴァンセック,0
3520,4011101114774,新規,0,2026-01-28,2026-01-28,株式会社エンゲージ,,株式会社,東京都,新宿区,西新宿６丁目５番１号,,13,104,1600023,,,,,,,2026-01-28,1,,,,,エンゲージ,0
3522,4011103016903,新規,0,2026-01-28,2026-01-28,Ｅｔｈｅｒ合同会社,,合同会社,東京都,新宿区,新宿４丁目３番１５号,,13,104,1600022,,,,,,,2026-01-28,1,,,,,エーテル,0
3523,4011103016911,新規,0,2026-01-28,2026-01-28,Ｍ１６合同会社,,合同会社,東京都,新宿区,新宿１丁目３６－２新宿第七葉山ビル３階,,13,104,1600022,,,,,,,2026-01-28,1,,,,,エムイチロク,0
3524,4011103016960,新規,0,2026-01-28,2026-01-28,合同会社にゃんだふる,,合同会社,東京都,新宿区,矢来町１８,,13,104,1620805,,,,,,,2026-01-28,1,,,,,ニャンダフル,0
3546,4011603004993,新規,0,2026-01-28,2026-01-28,合同会社ＬＵＭＩＮＡ,,合同会社,東京都,練馬区,練馬３丁目２５番１０号１Ｆ,,13,120,1760001,,,,,,,2026-01-28,1,,,,,ルミナ,0
3548,4011701029125,新規,0,2026-01-28,2026-01-28,株式会社中村建設,,株式会社,東京都,江戸川区,上篠崎４丁目６番９号,,13,123,1330054,,,,,,,2026-01-28,1,,,,,ナカムラケンセツ,0
3556,4011801047373,新規,0,2026-01-28,2026-01-28,株式会社ＵＨＯ商事,,株式会社,東京都,葛飾区,高砂７丁目１４番９号,,13,122,1250054,,,,,,,2026-01-28,1,,,,,ウホショウジ,0
3561,4012401044067,新規,0,2026-01-28,2026-01-28,アッドワン株式会社,,株式会社,東京都,三鷹市,上連雀４丁目２７番１４号,,13,204,1810012,,,,,,,2026-01-28,1,,,,,アッドワン,0
3562,4012701019297,新規,0,2026-01-28,2026-01-28,株式会社ＭＧＲ,,株式会社,東京都,東村山市,廻田町２丁目１０番地３４,,13,213,1890025,,,,,,,2026-01-28,1,,,,,エムジーアール,0
3564,4013101009921,新規,0,2026-01-28,2026-01-28,株式会社Ｇｒａｎｄ,,株式会社,東京都,青梅市,仲町２７１番地の１日神パレス青梅３０１,,13,205,1980082,,,,,,,2026-01-28,1,,,,,グラン,0
3567,4013303008069,新規,0,2026-01-28,2026-01-28,合同会社ＩＣＨＩＮＩＳＡＮ,,合同会社,東京都,豊島区,東池袋２丁目６２番８号ＢＩＧオフィスプラザ池袋１２０６,,13,116,1700013,,,,,,,2026-01-28,1,,,,,イチニサン,0
3571,4020001166859,新規,0,2026-01-28,2026-01-28,ＯＵＴＩＤＥ株式会社,,株式会社,神奈川県,川崎市幸区,柳町３９－２０コーポ柳町２０８,,14,132,2120015,,,,,,,2026-01-28,1,,,,,アウトアイド,0
3572,4020001166883,新規,0,2026-01-28,2026-01-28,株式会社Ｆａｒ　Ａｗａｙ,,株式会社,神奈川県,横浜市港北区,日吉２丁目２番１７号ウィステリア日吉３０１,,14,109,2230061,,,,,,,2026-01-28,1,,,,,ファラウェイ,0
3576,4021001087319,新規,0,2026-01-28,2026-01-28,株式会社ｃｏｃｏｒｏｔｅｒｒａ,,株式会社,神奈川県,小田原市,南町３丁目９番７－３号,,14,206,2500013,,,,,,,2026-01-28,1,,,,,ココロテラ,0
3578,4021003017042,新規,0,2026-01-28,2026-01-28,合同会社イノベーション,,合同会社,神奈川県,海老名市,杉久保北４丁目３番４－６０９号,,14,215,2430410,,,,,,,2026-01-28,1,,,,,イノベーション,0
3579,4021003017059,新規,0,2026-01-28,2026-01-28,合同会社Ｖｉｎ,,合同会社,神奈川県,鎌倉市,笛田５丁目１５番１号,,14,204,2480027,,,,,,,2026-01-28,1,,,,,ヴァン,0
3582,4030001170736,新規,0,2026-01-28,2026-01-28,ＣＯＣＣＯＬＥ株式会社,,株式会社,埼玉県,草加市,金明町９４８―９,,11,221,3400052,,,,,,,2026-01-28,1,,,,,ココレ,0
3590,4030003028528,新規,0,2026-01-28,2026-01-28,よろずＷＯＲＫＳ合同会社,,合同会社,埼玉県,さいたま市西区,大字中野林９７番地１,,11,101,3310057,,,,,,,2026-01-28,1,,,,,ヨロズワークス,0
3598,4050001057907,新規,0,2026-01-28,2026-01-28,株式会社ｍａ,,株式会社,茨城県,水戸市,笠原町４３７－２３,,08,201,3100852,,,,,,,2026-01-28,1,,,,,マ,0
3685,4060001038963,新規,0,2026-01-28,2026-01-28,株式会社ＮＡＳＵアネストホーム,,株式会社,栃木県,那須塩原市,新町１１５番地２９５,,09,213,3250071,,,,,,,2026-01-28,1,,,,,ナスアネストホーム,0
3704,4060005010407,新規,0,2026-01-28,2026-01-28,宗教法人日光修験道山王院,,その他の設立登記法人,栃木県,鹿沼市,銀座１丁目１８７８番地１,,09,205,3220052,,,,,,,2026-01-28,1,,,,,ニッコウシュゲンドウサンノウイン,0
3856,4080001017247,新規,0,2026-01-28,2026-01-28,株式会社フコク通商,,株式会社,静岡県,藤枝市,善左衛門１丁目１８番地の３６,,22,214,4260053,,,,,,,2026-01-28,1,,,,,フコクツウショウ,0
3857,4080003003641,新規,0,2026-01-28,2026-01-28,ＢＥＡＲＣＯＮＥ合同会社,,合同会社,静岡県,静岡市清水区,下野中２３番８号,,22,103,4240029,,,,,,,2026-01-28,1,,,,,ベアーコーン,0
3858,4080101026049,新規,0,2026-01-28,2026-01-28,ＫＳＫアグリテック株式会社,,株式会社,静岡県,伊東市,宇佐美２４９９番地の１,,22,208,4140001,,,,,,,2026-01-28,1,,,,,ケーエスケーアグリテック,0
3861,4080401028406,新規,0,2026-01-28,2026-01-28,株式会社リンクバリュー,,株式会社,静岡県,浜松市浜名区,西美薗１４９３番地の１０,,22,139,4340033,,,,,,,2026-01-28,1,,,,,リンクバリュー,0
3862,4090001019713,新規,0,2026-01-28,2026-01-28,ベーシックポテンシャル株式会社,,株式会社,山梨県,甲斐市,長塚６０１番地タウニィ静Ｂ１０１,,19,210,4000125,,,,,,,2026-01-28,1,,,,,ベーシックポテンシャル,0
3866,4090003002980,新規,0,2026-01-28,2026-01-28,オリーブ合同会社,,合同会社,山梨県,北杜市,小淵沢町６６０５番地４,,19,209,4080044,,,,,,,2026-01-28,1,,,,,オリーブ,0
3872,4100001039296,新規,0,2026-01-28,2026-01-28,株式会社アークライト,,株式会社,長野県,中野市,大字西条６７１番地５,,20,211,3830042,,,,,,,2026-01-28,1,,,,,アークライト,0
3877,4110005017314,新規,0,2026-01-28,2026-01-28,特定非営利活動法人吉田東伍記念博物館友の会,,その他の設立登記法人,新潟県,阿賀野市,保田１７２５番地１,,15,223,9592221,,,,,,,2026-01-28,1,,,,,ヨシダトウゴキネンハクブツカントモノカイ,0
3897,4120001283702,新規,0,2026-01-28,2026-01-28,株式会社ｃｌｅａｎ　ｓｔｏｒａｇｅ,,株式会社,大阪府,守口市,滝井西町２丁目５番１４－１０２号,,27,209,5700076,,,,,,,2026-01-28,1,,,,,クリーンストレージ,0
3898,4120001283710,新規,0,2026-01-28,2026-01-28,株式会社永輝,,株式会社,大阪府,枚方市,村野本町１１番２―１０３号,,27,210,5730016,,,,,,,2026-01-28,1,,,,,トキ,0
3899,4120001283719,新規,0,2026-01-28,2026-01-28,Ｇｈｅｔｔｏ株式会社,,株式会社,大阪府,大阪市此花区,西九条１丁目２６番１２号シップス西九条４０２,,27,104,5540012,,,,,,,2026-01-28,1,,,,,ゲットー,0
3900,4120001283735,新規,0,2026-01-28,2026-01-28,じてん株式会社,,株式会社,大阪府,大阪市北区,梅田１丁目１番３号大阪駅前第３ビル１１階２号室,,27,127,5300001,,,,,,,2026-01-28,1,,,,,ジテン,0
3909,4120003031786,新規,0,2026-01-28,2026-01-28,漢和盛合同会社,,合同会社,大阪府,大阪市東淀川区,上新庄２丁目１番２２ハイツ瀬戸４０１号,,27,114,5330006,,,,,,,2026-01-28,1,,,,,カンワセイ,0
3910,4120003031794,新規,0,2026-01-28,2026-01-28,合同会社ＦＲＯＭ　ＬＯＯＴ,,合同会社,大阪府,大阪市西区,北堀江２丁目７－１４ＭｉＣａｓａＫＩＴＡＨＯＲＩＥ１０１号室,,27,106,5500014,,,,,,,2026-01-28,1,,,,,フロムルート,0
3913,4120005025381,新規,0,2026-01-28,2026-01-28,一般社団法人関西サッカーリーグ,,その他の設立登記法人,大阪府,大阪市西区,靱本町１丁目７番２５号イトーダイ靱本町ビル８０１号一般社団法人関西サッカー協会内,,27,106,5500004,,,,,,,2026-01-28,1,,,,,カンサイサッカーリーヅ,0
3954,4122001040125,新規,0,2026-01-28,2026-01-28,ジョイアスライフ株式会社,,株式会社,大阪府,東大阪市,稲田新町１丁目２番１２号カーサ東大阪徳庵３０１号,,27,227,5770004,,,,,,,2026-01-28,1,,,,,ジョイアスライフ,0
4003,4130001081428,新規,0,2026-01-28,2026-01-28,ＨＳＣ株式会社,,株式会社,京都府,京都市北区,上賀茂松本町１６番地６,,26,101,6038052,,,,,,,2026-01-28,1,,,,,エイチエスシー,0
4004,4130001081485,新規,0,2026-01-28,2026-01-28,株式会社みなサポ,,株式会社,京都府,長岡京市,長岡１丁目４０番１３号１階,,26,209,6170823,,,,,,,2026-01-28,1,,,,,ミナサポ,0
4022,4140001141503,新規,0,2026-01-28,2026-01-28,とうばんクリーンエナジー株式会社,,株式会社,兵庫県,高砂市,梅井６丁目１番１号,,28,216,6760074,,,,,,,2026-01-28,1,,,,,トウバンクリーンエナジー,0
4025,4140003023138,新規,0,2026-01-28,2026-01-28,Ｋａｒｉｄａ合同会社,,合同会社,兵庫県,神戸市中央区,磯辺通１丁目１番１８号カサベラ国際プラザビル７０７号室,,28,110,6510084,,,,,,,2026-01-28,1,,,,,カリダ,0
4029,4160001027378,新規,0,2026-01-28,2026-01-28,株式会社ライフタイムズ,,株式会社,滋賀県,大津市,瀬田３丁目２４番２１号,,25,201,5202134,,,,,,,2026-01-28,1,,,,,ライフタイムズ,0
4042,4180003029684,新規,0,2026-01-28,2026-01-28,合同会社アキ川,,合同会社,愛知県,津島市,鹿伏兎町西３６番地３,,23,208,4960023,,,,,,,2026-01-28,1,,,,,アキカワ,0
4045,4180303006879,新規,0,2026-01-28,2026-01-28,鳥山エネルギー合同会社,,合同会社,愛知県,刈谷市,東刈谷町２丁目１１番地４,,23,210,4480807,,,,,,,2026-01-28,1,,,,,トリヤマエネルギー,0
4046,4190001032862,新規,0,2026-01-28,2026-01-28,株式会社大興業,,株式会社,三重県,南牟婁郡紀宝町,鵜殿１４６４番地４,,24,562,5195701,,,,,,,2026-01-28,1,,,,,ヒロコウギョウ,0
4063,4210001020476,新規,0,2026-01-28,2026-01-28,株式会社アトムサービス,,株式会社,福井県,敦賀市,道口１５号１１番地の２,,18,202,9140037,,,,,,,2026-01-28,1,,,,,アトムサービス,0
4070,4240001066104,新規,0,2026-01-28,2026-01-28,株式会社ＴＲ,,株式会社,広島県,広島市西区,己斐中３丁目１１番２２号,,34,104,7330813,,,,,,,2026-01-28,1,,,,,ティーアール,0
4079,4290001112893,新規,0,2026-01-28,2026-01-28,株式会社三國コーポレーション,,株式会社,福岡県,福岡市博多区,奈良屋町１－１ヤシマ博多ビル８０６号,,40,132,8120023,,,,,,,2026-01-28,1,,,,,ミクニコーポレーション,0
4080,4290003017967,新規,0,2026-01-28,2026-01-28,合同会社迦陵,,合同会社,福岡県,糟屋郡志免町,東公園台２丁目２２番５号,,40,343,8112241,,,,,,,2026-01-28,1,,,,,カリョウ,0
4081,4290003017975,新規,0,2026-01-28,2026-01-28,合同会社ＦＵＬＣＲＵＭ,,合同会社,福岡県,福岡市東区,箱崎６丁目１８番１２号－２２２,,40,131,8120053,,,,,,,2026-01-28,1,,,,,フルクラム,0
4082,4290003017983,新規,0,2026-01-28,2026-01-28,合同会社アトリエプリュネル,,合同会社,福岡県,福岡市西区,姪浜駅南１丁目５番２３号姪浜駅前Ａビル４階,,40,135,8190006,,,,,,,2026-01-28,1,,,,,アトリエプリュネル,0
4083,4290003017991,新規,0,2026-01-28,2026-01-28,Ｒｅｇｏｌｉｔｈ合同会社,,合同会社,福岡県,福岡市中央区,天神２丁目２番１２号Ｔ＆Ｊビルディング７Ｆ,,40,133,8100001,,,,,,,2026-01-28,1,,,,,レゴリス,0
4084,4290005019978,新規,0,2026-01-28,2026-01-28,一般社団法人天野未来学園設立準備委員会,,その他の設立登記法人,福岡県,福岡市東区,下原１丁目２７番３１号,,40,131,8130002,,,,,,,2026-01-28,1,,,,,アマノミライガクエンセツリツジュンビイインカイ,0
4108,4330001033937,新規,0,2026-01-28,2026-01-28,株式会社荒木農園,,株式会社,熊本県,玉名郡南関町,大字豊永５７１２番地２,,43,367,8610815,,,,,,,2026-01-28,1,,,,,アラキノウエン,0
4111,4340003005066,新規,0,2026-01-28,2026-01-28,Ｈｅａｌｔｈｙ　Ｌｉｑｕｉｄｉｔｙ合同会社,,合同会社,鹿児島県,薩摩川内市,上川内町４１０６－１ＥＰＣＯＴ　ＳＰＡＣＥ２０６号,,46,215,8950067,,,,,,,2026-01-28,1,,,,,ヘルシーリクイディティ,0
4114,4360003015559,新規,0,2026-01-28,2026-01-28,合同会社ＮａｔｕｒｅＦｉｘ,,合同会社,沖縄県,宮古島市,城辺字長間５３番地６,,47,214,9060105,,,,,,,2026-01-28,1,,,,,ネイチャーフィックス,0
4115,4360003015575,新規,0,2026-01-28,2026-01-28,沖縄県測量専門養成所合同会社,,合同会社,沖縄県,那覇市,字安里９番地マンションまさひろ２０１,,47,201,9020067,,,,,,,2026-01-28,1,,,,,オキナワケンソクリョウセンモンヨウセイジョ,0
4119,4390001018230,新規,0,2026-01-28,2026-01-28,株式会社ＷＩＴＨ　ＷＡＬＫＥＲＳ,,株式会社,山形県,上山市,朝日台２丁目３－５８,,06,207,9993164,,,,,,,2026-01-28,1,,,,,,0
4199,4430001096123,新規,0,2026-01-28,2026-01-28,株式会社Ｏｒｉｓ,,株式会社,北海道,札幌市中央区,北五条西１８丁目１番地３,,01,101,0600005,,,,,,,2026-01-28,1,,,,,オリス,0
4232,4480001013065,新規,0,2026-01-28,2026-01-28,株式会社ＡＳプロパティ,,株式会社,徳島県,徳島市,山城町東浜傍示４７番地の１８,,36,201,7708055,,,,,,,2026-01-28,1,,,,,エーエスプロパティ,0
4235,4700150134110,新規,0,2026-01-28,2026-01-26,麻績村農産物直売組合,,その他,長野県,東筑摩郡麻績村,麻３８３０－１,,20,446,3997701,,,,,,,2026-01-26,1,,,,,オミムラノウサンブツチヨクバイクミアイ,0
4236,4700150134184,新規,0,2026-01-28,2026-01-28,ＳＥＴＳＵ　ＪＰＮ　ＰＴＥ．ＬＴＤ．,,外国会社等,,,,,,,,３　Ｓｈｅｎｔｏｎ　Ｗａｙ，♯１３－０８　Ｓｈｅｎｔｏｎ　Ｈｏｕｓｅ，Ｓｉｎｇａｐｏｒｅ　０６８８０５,,,,,,2026-01-28,1,,,,,セツジエーピーエヌピーテイーイーエルテイーデイー,0
4237,4700150134192,新規,0,2026-01-28,2026-01-28,Ｓｈｅｎｚｈｅｎ　ＩｎｎＡＩＯ　Ｉｎｔｅｌｌｉｇｅｎｔ　Ｅｑｕｉｐｍｅｎｔ　Ｃｏ．，Ｌｔｄ．,,外国会社等,,,,,,,,Ｑｉａｎｈａｉ　Ｓｈｅｎｇａｎｇ　Ｈｅｚｕｏｑｕ　Ｎａｎｓｈａｎ　Ｊｉｅｄａｏ　Ｍｅｎｇｈａｉ　Ｄａｄａｏ　５１８８Ｈａｏ　Ｑｉａｎｈａｉ　Ｓｈｅｎｇａｎｇ　Ｑｉｎｇｎｉａｎ　Ｍｅｎｇｇｏｎｇｃｈａｎｇ　Ｂｅｉｑｕ　３Ｄｏｎｇ　５０２Ａ５　Ｓｈｅｎｚｈｅｎ　５１８０００　ＣＮ,,,,,,2026-01-28,1,,,,,シンセンインノイインテリジェントエクイップメントカンパニーリミテッド,0
4245,5010001261981,新規,0,2026-01-28,2026-01-28,ＭＡＫＥ　ＴＥＣＨ株式会社,,株式会社,東京都,中央区,銀座５丁目１４番３号銀座五丁目ビル,,13,102,1040061,,,,,,,2026-01-28,1,,,,,メイクテック,0
4246,5010001262294,新規,0,2026-01-28,2026-01-28,株式会社ビーゼア,,株式会社,東京都,中央区,銀座１丁目１２番４号Ｎ＆ＥＢＬＤ．６Ｆ,,13,102,1040061,,,,,,,2026-01-28,1,,,,,ビーゼア,0
4247,5010001262311,新規,0,2026-01-28,2026-01-28,Ｆｌｏｗｅｒｓ株式会社,,株式会社,東京都,中央区,日本橋室町２丁目１番１号,,13,102,1030022,,,,,,,2026-01-28,1,,,,,フラワーズ,0
4252,5010003049896,新規,0,2026-01-28,2026-01-28,穎鋒合同会社,,合同会社,東京都,千代田区,神田三崎町３丁目５－９天翔水道橋ビル２階２０９号室,,13,101,1010061,,,,,,,2026-01-28,1,,,,,エイホウ,0
4254,5010101017045,新規,0,2026-01-28,2026-01-28,株式会社秦元,,株式会社,東京都,八王子市,八日町９番１－５０５号,,13,201,1920071,,,,,,,2026-01-28,1,,,,,シンゲン,0
4357,5010401015013,新規,0,2026-01-28,2026-01-28,株式会社スタジオ鼎,,株式会社,東京都,港区,北青山２丁目７番２６号,,13,103,1070061,,,,,,,2026-01-28,1,,,,,,0
4495,5010401196019,新規,0,2026-01-28,2026-01-28,株式会社ｅｌｕｍｅ,,株式会社,東京都,港区,南青山２丁目５番１７号ＰＯＬＡ青山ビルディング５階Ｏｖｅｒｌａｐ,,13,103,1070062,,,,,,,2026-01-28,1,,,,,エルーム,0
4496,5010401196126,新規,0,2026-01-28,2026-01-28,株式会社アクティア,,株式会社,東京都,港区,芝３丁目２番１８号２Ｆ,,13,103,1050014,,,,,,,2026-01-28,1,,,,,アクティア,0
4497,5010401196167,新規,0,2026-01-28,2026-01-28,ＩＣ株式会社,,株式会社,東京都,港区,南麻布３丁目４番５号,,13,103,1060047,,,,,,,2026-01-28,1,,,,,アイシー,0
4501,5010403037162,新規,0,2026-01-28,2026-01-28,Ｔａｚａｗａ合同会社,,合同会社,東京都,港区,西新橋１丁目１番１号ＥＰコンサルティングサービス内,,13,103,1050003,,,,,,,2026-01-28,1,,,,,タザワ,0
4502,5010405025289,新規,0,2026-01-28,2026-01-28,Ｌｅｍａｎ一般社団法人,,その他の設立登記法人,東京都,港区,西新橋１丁目１番１号ＥＰコンサルティングサービス内,,13,103,1050003,,,,,,,2026-01-28,1,,,,,レマン,0
4529,5010601068645,新規,0,2026-01-28,2026-01-28,株式会社サードプレイスジャパン,,株式会社,東京都,江東区,豊洲５丁目５番１－７１５号,,13,108,1350061,,,,,,,2026-01-28,1,,,,,サードプレイスジャパン,0
4560,5010801036996,新規,0,2026-01-28,2026-01-28,株式会社ＫＡＴＺプロパティ,,株式会社,東京都,大田区,南馬込２丁目２３番２号,,13,111,1430025,,,,,,,2026-01-28,1,,,,,カッツプロパティ,0
4564,5010903010585,新規,0,2026-01-28,2026-01-28,合同会社ＡＦＫ,,合同会社,東京都,世田谷区,経堂３丁目１０番２４号,,13,112,1560052,,,,,,,2026-01-28,1,,,,,エーエフケー,0
4570,5011001174950,新規,0,2026-01-28,2026-01-28,ＷＢＰ株式会社,,株式会社,東京都,渋谷区,恵比寿西２丁目８番４号ＥＸ恵比寿西ビル５階,,13,113,1500021,,,,,,,2026-01-28,1,,,,,ダブリュービーピー,0
4571,5011001175148,新規,0,2026-01-28,2026-01-28,ケイビー株式会社,,株式会社,東京都,目黒区,中町１丁目１８番６号,,13,110,1530065,,,,,,,2026-01-28,1,,,,,ケイビー,0
4572,5011001175255,新規,0,2026-01-28,2026-01-28,株式会社Ｒｕｕｍ．,,株式会社,東京都,渋谷区,道玄坂１丁目１０番８号渋谷道玄坂東急ビル２Ｆ－Ｃ,,13,113,1500043,,,,,,,2026-01-28,1,,,,,ルウム,0
4573,5011003023429,新規,0,2026-01-28,2026-01-28,合同会社ＥＳＲ１０６,,合同会社,東京都,目黒区,上目黒１丁目２３番１号中目黒アリーナ４０５号室,,13,110,1530051,,,,,,,2026-01-28,1,,,,,イーエスアールヒャクロク,0
4574,5011003023437,新規,0,2026-01-28,2026-01-28,ノエル・ワークス合同会社,,合同会社,東京都,渋谷区,神宮前２丁目２６番８号,,13,113,1500001,,,,,,,2026-01-28,1,,,,,ノエルワークス,0
4579,5011101114559,新規,0,2026-01-28,2026-01-28,ＯＧＭアドバイザリー株式会社,,株式会社,東京都,新宿区,西新宿５丁目８番２号惠徳ビル,,13,104,1600023,,,,,,,2026-01-28,1,,,,,オージーエムアドバイザリー,0
4580,5011101114740,新規,0,2026-01-28,2026-01-28,ＡＬＬＭＯＲＥ株式会社,,株式会社,東京都,新宿区,新宿５丁目１１番２８号スターハイム４０３,,13,104,1600022,,,,,,,2026-01-28,1,,,,,オールモア,0
4581,5011101114781,新規,0,2026-01-28,2026-01-28,株式会社ＧｅｎｔｌｅＬｏｇｉｃ,,株式会社,東京都,新宿区,新宿５丁目１８番２０号ルックハイツ新宿８０３号,,13,104,1600022,,,,,,,2026-01-28,1,,,,,ジェントルロジック,0
4582,5011101114798,新規,0,2026-01-28,2026-01-28,株式会社ユーファーマシー,,株式会社,東京都,新宿区,四谷１丁目１１番地５サンビレッジ四谷３０２,,13,104,1600004,,,,,,,2026-01-28,1,,,,,ユーファーマシー,0
4604,5011501033045,新規,0,2026-01-28,2026-01-28,株式会社萬,,株式会社,東京都,北区,上十条２丁目２７番１号,,13,117,1140034,,,,,,,2026-01-28,1,,,,,ヨロズ,0
4609,5011603004992,新規,0,2026-01-28,2026-01-28,合同会社ＩＮＣＯＤＥ,,合同会社,東京都,練馬区,練馬１丁目２０－８、２Ｆ,,13,120,1760001,,,,,,,2026-01-28,1,,,,,インコード,0
4613,5011701029116,新規,0,2026-01-28,2026-01-28,株式会社ＪＩＮＡ　Ｊａｐａｎ　Ｉｎｂｏｕｎｄ　Ｎｅｗｓ　Ａｇｅｎｃｙ,,株式会社,東京都,江戸川区,西葛西６丁目１３番１号西葛西たかみビル５Ｆ,,13,123,1340088,,,,,,,2026-01-28,1,,,,,ジナジャパンインバウンドニュースエージェンシー,0
4615,5011803007300,新規,0,2026-01-28,2026-01-28,鈴なりコネクト合同会社,,合同会社,東京都,足立区,千住旭町３７番６号,,13,121,1200026,,,,,,,2026-01-28,1,,,,,スズナリコネクト,0
4619,5012303002279,新規,0,2026-01-28,2026-01-28,合同会社ＬｉｔｕａＬ,,合同会社,東京都,町田市,旭町３丁目１１番２０号５,,13,209,1940023,,,,,,,2026-01-28,1,,,,,リチュアル,0
4620,5012403007574,新規,0,2026-01-28,2026-01-28,合同会社ナカダ音楽事務所,,合同会社,東京都,三鷹市,上連雀４丁目２６番１９号,,13,204,1810012,,,,,,,2026-01-28,1,,,,,ナカダオンガクジムショ,0
4621,5012403007590,新規,0,2026-01-28,2026-01-28,合同会社てつがく舎,,合同会社,東京都,三鷹市,中原１丁目２３番２６号グレースガーデン１０１,,13,204,1810005,,,,,,,2026-01-28,1,,,,,テツガクシャ,0
4622,5012701019288,新規,0,2026-01-28,2026-01-28,株式会社古屋商事,,株式会社,東京都,東久留米市,前沢４丁目８番４号,,13,222,2030032,,,,,,,2026-01-28,1,,,,,フルヤショウジ,0
4623,5012803003982,新規,0,2026-01-28,2026-01-28,合同会社ＦＵＪＩ,,合同会社,東京都,昭島市,玉川町３丁目２８番２号ｒｕｈｅ　ｔｗｏ２０２号,,13,207,1960034,,,,,,,2026-01-28,1,,,,,フジ,0
4625,5013101009920,新規,0,2026-01-28,2026-01-28,イーアンドエム株式会社,,株式会社,東京都,西多摩郡奥多摩町,大丹波３３５番地,,13,308,1980101,,,,,,,2026-01-28,1,,,,,イーアンドエム,0
4630,5021001087350,新規,0,2026-01-28,2026-01-28,株式会社リノＡｚ,,株式会社,神奈川県,座間市,栗原１００６番地の３,,14,216,2520013,,,,,,,2026-01-28,1,,,,,リノエーゼット,0
4631,5021001087383,新規,0,2026-01-28,2026-01-28,株式会社リブルート,,株式会社,神奈川県,藤沢市,辻堂新町１丁目１番２号クロスポイント湘南５階,,14,205,2510042,,,,,,,2026-01-28,1,,,,,リブルート,0
4635,5021003017017,新規,0,2026-01-28,2026-01-28,Ｐａｐａｓ　ｃｌｕｂ合同会社,,合同会社,神奈川県,茅ヶ崎市,常盤町６－５４,,14,207,2530032,,,,,,,2026-01-28,1,,,,,パパスクラブ,0
4638,5030001170702,新規,0,2026-01-28,2026-01-28,株式会社ＨＵＳＫ‐Ｅ,,株式会社,埼玉県,川口市,朝日４丁目９番３号,,11,203,3320001,,,,,,,2026-01-28,1,,,,,ハスキー,0
4648,5040001142254,新規,0,2026-01-28,2026-01-28,株式会社門脇フロアー,,株式会社,千葉県,柏市,高田１１７２番地３４,,12,217,2770861,,,,,,,2026-01-28,1,,,,,カドワキフロアー,0
4652,5050003009896,新規,0,2026-01-28,2026-01-28,合同会社はじまり,,合同会社,茨城県,那珂郡東海村,白方中央１丁目１２番１８号,,08,341,3191109,,,,,,,2026-01-28,1,,,,,ハジマリ,0
4960,5100001039295,新規,0,2026-01-28,2026-01-28,株式会社Ｏｆｆｉｃｅ　Ｋ‐Ｃａｒｓ,,株式会社,長野県,上田市,生田２３５０番地２,,20,203,3860411,,,,,,,2026-01-28,1,,,,,オフィスケーカーズ,0
4980,5120001283635,新規,0,2026-01-28,2026-01-28,株式会社蟹源ホールディングス,,株式会社,大阪府,大阪市中央区,東心斎橋１丁目７番２５号５階,,27,128,5420083,,,,,,,2026-01-28,1,,,,,カニゲンホールディングス,0
4981,5120001283676,新規,0,2026-01-28,2026-01-28,株式会社ＬＵＸＹ,,株式会社,大阪府,大阪市西区,京町堀１丁目１１番７号京旺ビル４階Ｂ号室,,27,106,5500003,,,,,,,2026-01-28,1,,,,,ラグジー,0
4982,5120001283701,新規,0,2026-01-28,2026-01-28,株式会社ｐｒｏｂａｂｌｅ,,株式会社,大阪府,大阪市天王寺区,南河堀町８番１３－２０１号,,27,109,5430054,,,,,,,2026-01-28,1,,,,,プロバブル,0
4983,5120001283718,新規,0,2026-01-28,2026-01-28,株式会社Ｖ‐ＦＬＯＷ　ＦＲＯＮＴＩＥＲ,,株式会社,大阪府,大阪市北区,梅田１丁目２－２－１３００大阪駅前第二ビル,,27,127,5300001,,,,,,,2026-01-28,1,,,,,ブイーフローフロンティア,0
4984,5120001283734,新規,0,2026-01-28,2026-01-28,ＰｒｉｍｅＡｓｓｅｔ株式会社,,株式会社,大阪府,大阪市中央区,谷町１丁目７番３号天満橋千代田ビル２階Ｃ号,,27,128,5400012,,,,,,,2026-01-28,1,,,,,プライムアセット,0
4985,5120001283767,新規,0,2026-01-28,2026-01-28,株式会社ｃａｌｍ,,株式会社,大阪府,大阪市天王寺区,上本町１丁目２番９－２０２号,,27,109,5430001,,,,,,,2026-01-28,1,,,,,カルム,0
4987,5120003031785,新規,0,2026-01-28,2026-01-28,合同会社リアン,,合同会社,大阪府,寝屋川市,黒原城内町１５番２４－１０号,,27,215,5720050,,,,,,,2026-01-28,1,,,,,リアン,0
4988,5120003031793,新規,0,2026-01-28,2026-01-28,合同会社Ｓｃｅｎｅ３．Ｌｉｎｋ,,合同会社,大阪府,大阪市西区,南堀江４丁目２３－１１スチュデントハイム南堀江６１１号室,,27,106,5500015,,,,,,,2026-01-28,1,,,,,シーンスリードットリンク,0
5108,5130001081484,新規,0,2026-01-28,2026-01-28,株式会社桔梗・アンド・カンパニー,,株式会社,京都府,京都市下京区,中堂寺前田町１９番地８,,26,106,6008804,,,,,,,2026-01-28,1,,,,,キキョウアンドカンパニー,0
5123,5130005017575,新規,0,2026-01-28,2026-01-28,一般社団法人そらな,,その他の設立登記法人,京都府,京都市北区,衣笠赤阪町１番地２９２,,26,101,6038486,,,,,,,2026-01-28,1,,,,,ソラナ,0
5127,5140001141493,新規,0,2026-01-28,2026-01-28,Ａｍａｒｉｓ株式会社,,株式会社,兵庫県,神戸市中央区,吾妻通６丁目２番１８号ＨｏｎｏｌｕｌｕＢｌｄｇ．２０３号室,,28,110,6510076,,,,,,,2026-01-28,1,,,,,アマリス,0
5128,5140001141510,新規,0,2026-01-28,2026-01-28,株式会社スタイル山忠,,株式会社,兵庫県,神戸市東灘区,岡本１丁目１１－２４,,28,101,6580072,,,,,,,2026-01-28,1,,,,,スタイルヤマチュウ,0
5130,5140003023129,新規,0,2026-01-28,2026-01-28,Ｔ＆Ｍ合同会社,,合同会社,兵庫県,神戸市灘区,灘北通４丁目２－３,,28,102,6570835,,,,,,,2026-01-28,1,,,,,ティーアンドエム,0
5131,5140003023145,新規,0,2026-01-28,2026-01-28,Ｔ＆Ｂｒｉｄｇｅ合同会社,,合同会社,兵庫県,加古川市,加古川町寺家町３３８番地の１３,,28,210,6750066,,,,,,,2026-01-28,1,,,,,ティーアンドブリッジ,0
5134,5150005009760,新規,0,2026-01-28,2026-01-28,一般社団法人Ｂｌｏｏｍ奈良,,その他の設立登記法人,奈良県,北葛城郡上牧町,片岡台２丁目６番地９,,29,424,6390201,,,,,,,2026-01-28,1,,,,,ブルームナラ,0
5142,5180001170456,新規,0,2026-01-28,2026-01-28,誠信総合企画株式会社,,株式会社,愛知県,名古屋市中区,錦３丁目２３番１８号ニューサカエビル,,23,106,4600003,,,,,,,2026-01-28,1,,,,,セイシンソウゴウキカク,0
5169,5240003007567,新規,0,2026-01-28,2026-01-28,合同会社ミライコーポレーション,,合同会社,広島県,世羅郡世羅町,大字寺町１７３３番地１,,34,462,7221111,,,,,,,2026-01-28,1,,,,,ミライコーポレーション,0
5179,5290001112892,新規,0,2026-01-28,2026-01-28,株式会社藤大,,株式会社,福岡県,福岡市博多区,千代２丁目２－３０ダイヨシビル２階２０２号室,,40,132,8120044,,,,,,,2026-01-28,1,,,,,フジヒロ,0
5185,5290003017958,新規,0,2026-01-28,2026-01-28,シフト‐テック合同会社,,合同会社,福岡県,福岡市中央区,六本松１丁目３番１８号,,40,133,8100044,,,,,,,2026-01-28,1,,,,,シフトテック,0
5213,5360001036300,新規,0,2026-01-28,2026-01-28,株式会社クラリス,,株式会社,沖縄県,中頭郡北谷町,伊平１丁目８番３１号ネクステージＺ２０１,,47,326,9040102,,,,,,,2026-01-28,1,,,,,クラリス,0
5216,5360003015574,新規,0,2026-01-28,2026-01-28,Ｍ＆Ｈドローン技研合同会社,,合同会社,沖縄県,浦添市,宮城５丁目７－１０コーポ仲西１階,,47,208,9012126,,,,,,,2026-01-28,1,,,,,エムアンドエイチドローンギケン,0
5219,5370003007455,新規,0,2026-01-28,2026-01-28,合同会社ＷＡＮＮＺ・ＰＡＸ,,合同会社,宮城県,仙台市青葉区,双葉ケ丘１丁目１６番１５号,,04,101,9810924,,,,,,,2026-01-28,1,,,,,ワンズパックス,0
5220,5370005011067,新規,0,2026-01-28,2026-01-28,特定非営利活動法人みらいずみ,,その他の設立登記法人,宮城県,遠田郡涌谷町,字新町裏１３４番地１,,04,501,9870114,,,,,,,2026-01-28,1,,,,,ミライズミ,0
5222,5380005013062,新規,0,2026-01-28,2026-01-28,一般社団法人Ｍｅｔｔａ,,その他の設立登記法人,福島県,耶麻郡磐梯町,大字磐梯字七ツ森７４２２－１８,,07,407,9693301,,,,,,,2026-01-28,1,,,,,メッタ,0
5288,5430001096139,新規,0,2026-01-28,2026-01-28,エアテック株式会社,,株式会社,北海道,札幌市東区,北二十一条東１３丁目１番１３号,,01,103,0650021,,,,,,,2026-01-28,1,,,,,エアテック,0
5309,5430003018537,新規,0,2026-01-28,2026-01-28,合同会社佐羽内,,合同会社,北海道,札幌市東区,本町一条４丁目５番８号,,01,103,0650041,,,,,,,2026-01-28,1,,,,,サバナイ,0
5325,5700150134167,新規,0,2026-01-28,2026-01-27,玉野まつり振興会,,その他,岡山県,玉野市,築港１丁目１－３　玉野商工会議所内,,33,204,7060002,,,,,,,2026-01-27,1,,,,,タマノマツリシンコウカイ,0
5326,5700150134183,新規,0,2026-01-28,2026-01-28,Ｌｏｐｏｆｉｓｔ　Ｌｉｍｉｔｅｄ,,外国会社等,,,,,,,,２６　Ｓｔａｖｒｏｕ，Ｓｔｒｏｖｏｌｏｓ，２０３４，Ｎｉｃｏｓｉａ，Ｃｙｐｒｕｓ,,,,,,2026-01-28,1,,,,,ロポフイストリミテツド,0
5327,5700150134191,新規,0,2026-01-28,2026-01-28,Ｃｈｕａｎｇｙｉｈｕｉ　Ｓｈｅｎｚｈｅｎ　Ｔｅｃｈｎｏｌｏｇｙ　Ｃｏ．，Ｌｔｄ,,外国会社等,,,,,,,,Ｃ５０４，Ｂａｙ　Ａｒｅａ　Ｄｉｇｉｔａｌ　Ｗａｒｅｈｏｕｓｅ，Ｔａｏｙｕａｎ　Ｃｏｍｍｕｎｉｔｙ，Ｄａｌａｎｇ　Ｓｕｂｄｉｓｔｒｉｃｔ，Ｌｏｎｇｈｕａ　Ｄｉｓｔｒｉｃｔ，Ｓｈｅｎｚｈｅｎ　５１８１０９　ＣＮ,,,,,,2026-01-28,1,,,,,チュアンイーホイシンセンテクノロジーカンパニーリミテッド,0
5333,6010001261824,新規,0,2026-01-28,2026-01-28,株式会社Ａ２Ｂ,,株式会社,東京都,中央区,銀座６丁目３－９銀座高松ビル９階,,13,102,1040061,,,,,,,2026-01-28,1,,,,,エートゥービー,0
5334,6010001261956,新規,0,2026-01-28,2026-01-28,アキナモ株式会社,,株式会社,東京都,文京区,小石川４丁目１７番２２号,,13,105,1120002,,,,,,,2026-01-28,1,,,,,アキナモ,0
5335,6010001261972,新規,0,2026-01-28,2026-01-28,株式会社Ｒｅｗｏｒｔｈ,,株式会社,東京都,中央区,日本橋室町１丁目１１番１２号日本橋水野ビル７階,,13,102,1030022,,,,,,,2026-01-28,1,,,,,,0
5336,6010001262285,新規,0,2026-01-28,2026-01-28,金田日本株式会社,,株式会社,東京都,千代田区,丸の内１丁目６番６号日本生命丸の内ビル２１Ｆ,,13,101,1000005,,,,,,,2026-01-28,1,,,,,キンデンニホン,0
5337,6010001262343,新規,0,2026-01-28,2026-01-28,株式会社ＴＯＲＩＣＯ　Ｅｔｈｅｒｅｕｍ,,株式会社,東京都,千代田区,九段南２丁目１番３０号,,13,101,1020074,,,,,,,2026-01-28,1,,,,,トリコイーサリアム,0
5338,6010001262351,新規,0,2026-01-28,2026-01-28,株式会社Ｌｉｎｏａ,,株式会社,東京都,中央区,銀座１丁目１８番６号井門銀座一丁目ビル３階,,13,102,1040061,,,,,,,2026-01-28,1,,,,,リノア,0
5340,6010003049796,新規,0,2026-01-28,2026-01-28,ルノヴァ・フレア合同会社,,合同会社,東京都,中央区,勝どき６丁目３－２、１９３３号室,,13,102,1040054,,,,,,,2026-01-28,1,,,,,ルノヴァフレア,0
5341,6010005041289,新規,0,2026-01-28,2026-01-28,川崎殿町特定目的会社,,その他の設立登記法人,東京都,千代田区,飯田橋４丁目７番１号結和税理士法人内,,13,101,1020072,,,,,,,2026-01-28,1,,,,,カワサキトノマチ,0
5585,6010401196026,新規,0,2026-01-28,2026-01-28,株式会社Ａｋａｍｉｒａ,,株式会社,東京都,港区,六本木３丁目１６－１２六本木ＫＳビル５Ｆ,,13,103,1060032,,,,,,,2026-01-28,1,,,,,アカミラ,0
5590,6010403037161,新規,0,2026-01-28,2026-01-28,Ｏｒｔａ合同会社,,合同会社,東京都,港区,西新橋１丁目１番１号ＥＰコンサルティングサービス内,,13,103,1050003,,,,,,,2026-01-28,1,,,,,オルタ,0
5591,6010405025288,新規,0,2026-01-28,2026-01-28,Ｐａｔｏｓ一般社団法人,,その他の設立登記法人,東京都,港区,西新橋１丁目１番１号ＥＰコンサルティングサービス内,,13,103,1050003,,,,,,,2026-01-28,1,,,,,パトス,0
5620,6010601068512,新規,0,2026-01-28,2026-01-28,コナシス株式会社,,株式会社,東京都,墨田区,錦糸３丁目２番１号,,13,107,1300013,,,,,,,2026-01-28,1,,,,,コナシス,0
5621,6010601068636,新規,0,2026-01-28,2026-01-28,株式会社ましこたろち,,株式会社,東京都,墨田区,押上３丁目３７－１１,,13,107,1310045,,,,,,,2026-01-28,1,,,,,マシコタロチ,0
5629,6010603012047,新規,0,2026-01-28,2026-01-28,合同会社ＰＯＳＤＯＮ,,合同会社,東京都,江東区,有明３丁目７番２６号有明フロンティアビルＢ棟９階,,13,108,1350063,,,,,,,2026-01-28,1,,,,,ポスドン,0
5657,6010901058849,新規,0,2026-01-28,2026-01-28,株式会社ＶＳｈｅｒｐａ,,株式会社,東京都,世田谷区,上馬１丁目３－４,,13,112,1540011,,,,,,,2026-01-28,1,,,,,ヴイシェルパ,0
5662,6011001174925,新規,0,2026-01-28,2026-01-28,株式会社Ｈｉｇｈ　Ｆａｄｅ,,株式会社,東京都,渋谷区,神宮前２丁目６番６号秀和外苑レジデンス３０１号,,13,113,1500001,,,,,,,2026-01-28,1,,,,,ハイフェード,0
5663,6011001175196,新規,0,2026-01-28,2026-01-28,株式会社Ｓｏｌｉｄｓ,,株式会社,東京都,渋谷区,本町３丁目５１－４－１０７,,13,113,1510071,,,,,,,2026-01-28,1,,,,,ソリッズ,0
5664,6011003023436,新規,0,2026-01-28,2026-01-28,合同会社ハミダス,,合同会社,東京都,渋谷区,道玄坂１丁目１６－６二葉ビル８ｂ,,13,113,1500043,,,,,,,2026-01-28,1,,,,,ハミダス,0
5676,6011101114558,新規,0,2026-01-28,2026-01-28,株式会社Ｃｏｖａｎｃｅ,,株式会社,東京都,新宿区,西新宿３丁目３番１３号西新宿水間ビル２Ｆ,,13,104,1600023,,,,,,,2026-01-28,1,,,,,コヴァンス,0
5678,6011103016926,新規,0,2026-01-28,2026-01-28,合同会社ＴＡＫＡＮＯ,,合同会社,東京都,新宿区,新宿２丁目１２番４号アコード新宿２０３号,,13,104,1600022,,,,,,,2026-01-28,1,,,,,タカノ,0
5681,6011301031223,新規,0,2026-01-28,2026-01-28,ＡＩオペレーションズ株式会社,,株式会社,東京都,杉並区,梅里１丁目７番７号,,13,115,1660011,,,,,,,2026-01-28,1,,,,,エーアイオペレーションズ,0
5712,6011803007299,新規,0,2026-01-28,2026-01-28,合同会社ココナ,,合同会社,東京都,葛飾区,西亀有２丁目３９－１６,,13,122,1240002,,,,,,,2026-01-28,1,,,,,ココナ,0
5714,6012303002278,新規,0,2026-01-28,2026-01-28,合同会社ＬＥＸＡＲＯ,,合同会社,東京都,町田市,南つくし野４丁目１１－１０,,13,209,1940002,,,,,,,2026-01-28,1,,,,,レクサロ,0
5721,6021001087317,新規,0,2026-01-28,2026-01-28,株式会社ＦＵＴＵＲＥ　ＰＲＯ,,株式会社,神奈川県,藤沢市,白旗１丁目２番１～３１０号,,14,205,2510051,,,,,,,2026-01-28,1,,,,,フューチャープロ,0
5724,6021005013517,新規,0,2026-01-28,2026-01-28,税理士法人猪熊会計,,その他の設立登記法人,神奈川県,厚木市,妻田北４丁目８番１２号,,14,212,2430812,,,,,,,2026-01-28,1,,,,,イノクマカイケイ,0
5734,6030001170701,新規,0,2026-01-28,2026-01-28,株式会社コンタクト,,株式会社,埼玉県,草加市,氷川町２１０１番地２バウハウス４０３号,,11,221,3400034,,,,,,,2026-01-28,1,,,,,コンタクト,0
5735,6030001170734,新規,0,2026-01-28,2026-01-28,株式会社メディリンクス,,株式会社,埼玉県,比企郡川島町,大字下伊草３７０番地２,,11,346,3500157,,,,,,,2026-01-28,1,,,,,メディリンクス,0
5744,6040001142212,新規,0,2026-01-28,2026-01-28,株式会社宥雅ホーム,,株式会社,千葉県,市川市,行徳駅前２丁目１３番２０号第１石井ビル,,12,203,2720133,,,,,,,2026-01-28,1,,,,,ユウガホーム,0
5748,6050001057905,新規,0,2026-01-28,2026-01-28,ワイエムコーポレーション株式会社,,株式会社,茨城県,筑西市,布川１５５４－２,,08,227,3080846,,,,,,,2026-01-28,1,,,,,ワイエムコーポレーション,0
6003,6080001027401,新規,0,2026-01-28,2026-01-28,株式会社Ｆｕｎｔｕｒｅ,,株式会社,静岡県,焼津市,下小田上町１３番地の１,,22,212,4250059,,,,,,,2026-01-28,1,,,,,ファンチャー,0
6004,6080101026047,新規,0,2026-01-28,2026-01-28,株式会社アルカディア,,株式会社,静岡県,駿東郡清水町,伏見９１番地の１,,22,341,4110907,,,,,,,2026-01-28,1,,,,,アルカディア,0
6013,6120001283667,新規,0,2026-01-28,2026-01-28,ＡＫ　ＰＬＡＮＮＩＮＧ株式会社,,株式会社,大阪府,大阪市福島区,鷺洲３丁目６番１０－２６０１号,,27,103,5530002,,,,,,,2026-01-28,1,,,,,エーケープランニング,0
6014,6120001283700,新規,0,2026-01-28,2026-01-28,ＲａｍｏＥｘｐｅｒｔｓ株式会社,,株式会社,大阪府,大阪市北区,豊崎３丁目８－５－１１１朝日プラザ梅田２,,27,127,5310072,,,,,,,2026-01-28,1,,,,,ラモエキスパーツ,0
6015,6120001283717,新規,0,2026-01-28,2026-01-28,株式会社ＳＨＩＲＯ,,株式会社,大阪府,大阪市西区,北堀江４丁目１３番２１号第２西長堀ビューハイツ１０５,,27,106,5500014,,,,,,,2026-01-28,1,,,,,シロ,0
6016,6120001283725,新規,0,2026-01-28,2026-01-28,株式会社トラストアンド,,株式会社,大阪府,大阪市北区,梅田１丁目２番２号大阪駅前第２ビル１２－１２,,27,127,5300001,,,,,,,2026-01-28,1,,,,,トラストアンド,0
6022,6120003031792,新規,0,2026-01-28,2026-01-28,Ｌｅ　ｐｌｕｓ合同会社,,合同会社,大阪府,大阪市北区,梅田１丁目２番２号大阪駅前第２ビル１２－１２,,27,127,5300001,,,,,,,2026-01-28,1,,,,,リプラス,0
6028,6120101073126,新規,0,2026-01-28,2026-01-28,株式会社Ｒｅｄｉａｎｔ,,株式会社,大阪府,堺市堺区,東雲西町１丁２番７号,,27,141,5900013,,,,,,,2026-01-28,1,,,,,レジアント,0
6098,6122003003441,新規,0,2026-01-28,2026-01-28,合同会社いわき,,合同会社,大阪府,大東市,緑が丘１丁目２０番１号７０１号,,27,218,5740073,,,,,,,2026-01-28,1,,,,,イワキ,0
6136,6130001081491,新規,0,2026-01-28,2026-01-28,株式会社エンドラン,,株式会社,京都府,京都市東山区,門脇町１８３番地１１,,26,105,6050843,,,,,,,2026-01-28,1,,,,,エンドラン,0
6154,6140001141518,新規,0,2026-01-28,2026-01-28,株式会社青いくま,,株式会社,兵庫県,加古川市,平岡町一色５９７番地の５ルイシャトレ東加古川６０７号,,28,210,6750115,,,,,,,2026-01-28,1,,,,,アオイクマ,0
6160,6140003023128,新規,0,2026-01-28,2026-01-28,合同会社コブセミエビ,,合同会社,兵庫県,三田市,天神３丁目２２－１９－Ｂ１０２,,28,219,6691531,,,,,,,2026-01-28,1,,,,,コブセミエビ,0
6161,6140003023144,新規,0,2026-01-28,2026-01-28,合同会社あるえる,,合同会社,兵庫県,加古川市,上荘町都台２丁目２番地の１０,,28,210,6751215,,,,,,,2026-01-28,1,,,,,アルエル,0
6162,6140005027779,新規,0,2026-01-28,2026-01-28,一般社団法人翔風会,,その他の設立登記法人,兵庫県,明石市,硯町１丁目９番２０号２Ｆ,,28,203,6730028,,,,,,,2026-01-28,1,,,,,ショウフウカイ,0
6165,6160001027384,新規,0,2026-01-28,2026-01-28,株式会社龍昇,,株式会社,滋賀県,近江八幡市,慈恩寺町上１４番地,,25,204,5230843,,,,,,,2026-01-28,1,,,,,リュウショウ,0
6169,6180001170463,新規,0,2026-01-28,2026-01-28,株式会社Ａｎｄ　Ｏｎｅ,,株式会社,愛知県,名古屋市名東区,本郷１丁目４３番地ＴｈｅＡｐａｒｔｍｅｎｔＬｉｆ２Ｆ,,23,115,4650024,,,,,,,2026-01-28,1,,,,,アンドワン,0
6191,6240001066093,新規,0,2026-01-28,2026-01-28,株式会社ｃｏｌｏｎ,,株式会社,広島県,広島市南区,段原南１丁目１９番９－３０４号,,34,103,7320814,,,,,,,2026-01-28,1,,,,,コロン,0
6192,6240001066102,新規,0,2026-01-28,2026-01-28,株式会社Ｈｏｒｉｚｏｎ,,株式会社,広島県,東広島市,福富町上戸野３４８９－１,,34,212,7392304,,,,,,,2026-01-28,1,,,,,ホライゾン,0
6194,6260001040939,新規,0,2026-01-28,2026-01-28,株式会社心創,,株式会社,岡山県,岡山市南区,当新田３５５番地３９,,33,104,7000956,,,,,,,2026-01-28,1,,,,,シンソウ,0
6204,6290001112891,新規,0,2026-01-28,2026-01-28,栄和株式会社,,株式会社,福岡県,福岡市博多区,博多駅前４丁目３０番２２－１２０８号,,40,132,8120011,,,,,,,2026-01-28,1,,,,,エイワ,0
6210,6290801032216,新規,0,2026-01-28,2026-01-28,株式会社恩冨,,株式会社,福岡県,北九州市小倉北区,馬借１丁目６番２６号,,40,106,8020077,,,,,,,2026-01-28,1,,,,,オントム,0
6211,6290803005260,新規,0,2026-01-28,2026-01-28,Ｐｒｏ　Ｇｏｌｆ　Ｍａｎａｇｅｍｅｎｔ合同会社,,合同会社,福岡県,北九州市小倉南区,曽根新田北３丁目１４番１０号,,40,107,8000219,,,,,,,2026-01-28,1,,,,,プロゴルフマネジメント,0
6212,6300003002412,新規,0,2026-01-28,2026-01-28,合同会社Ｔ．カンパニー,,合同会社,佐賀県,三養基郡みやき町,大字天建寺１９０８番地,,41,346,8401102,,,,,,,2026-01-28,1,,,,,ティードットカンパニー,0
6214,6310001019936,新規,0,2026-01-28,2026-01-28,株式会社ＯＮＥ　ＴＯ　ＧＯ,,株式会社,長崎県,五島市,武家屋敷３丁目３番１５号,,42,211,8530017,,,,,,,2026-01-28,1,,,,,ワントゥゴー,0
6237,6330005011020,新規,0,2026-01-28,2026-01-28,一般社団法人熊本夢学舎,,その他の設立登記法人,熊本県,熊本市中央区,国府３丁目８番５７号,,43,101,8620949,,,,,,,2026-01-28,1,,,,,クマモトユメガクシャ,0
6238,6340001002385,新規,0,2026-01-28,2026-01-28,全商通産株式会社,,株式会社,鹿児島県,鹿児島市,南栄６丁目２番地２９,,46,201,8910122,,,,,,,2026-01-28,1,,,,,ゼンショウツウサン,0
6250,6390001018229,新規,0,2026-01-28,2026-01-28,株式会社ミライティア,,株式会社,山形県,山形市,松波１丁目８番１４号,,06,201,9900023,,,,,,,2026-01-28,1,,,,,ミライティア,0
6374,6470001021067,新規,0,2026-01-28,2026-01-28,株式会社月菜電工,,株式会社,香川県,高松市,下田井町４４９番地８,,37,201,7610313,,,,,,,2026-01-28,1,,,,,ツキナデンコウ,0
6377,6700150134182,新規,0,2026-01-28,2026-01-28,ｖｉａｇｏｇｏ　ＧｍｂＨ,,外国会社等,,,,,,,,Ｒｕｅ　ｄｕ　Ｃｏｍｍｅｒｃｅ　４，１２０４，Ｇｅｎｅｖｅ，Ｓｗｉｔｚｅｒｌａｎｄ,,,,,,2026-01-28,1,,,,,ビアゴゴゲーエムベーハー,0
6378,6700150134190,新規,0,2026-01-28,2026-01-28,Ｓｈｅｎｚｈｅｎ　Ｓｈｉ　Ｃａｏｓｈｅ　Ｍａｏｙｉ　Ｙｏｕｘｉａｎ　Ｇｏｎｇｓｉ,,外国会社等,,,,,,,,Ｂａｏａｎ　Ｑｕ　Ｘｉｘｉａｎｇ　Ｊｉｅｄａｏ　Ｈａｏｙｅ　Ｓｈｅｑｕ　Ｂａｏａｎ　Ｈｕｌｉａｎｗａｎｇ　ｃｈａｎｙｅ　Ｊｉｄｉ　Ａ　Ｑｕ　５　Ｄｏｎｇ　６１１　Ｓｈｅｎｚｈｅｎ　５１８０００　ＣＮ,,,,,,2026-01-28,1,,,,,シンセンシチャオシェマオイユウゲンコウシ,0
6383,7010001262012,新規,0,2026-01-28,2026-01-28,隆町製薬株式会社,,株式会社,東京都,文京区,千石４丁目１４番９号,,13,105,1120011,,,,,,,2026-01-28,1,,,,,リュウマチセイヤク,0
6384,7010001262367,新規,0,2026-01-28,2026-01-28,アルフェナックスバイオロジクス株式会社,,株式会社,東京都,中央区,日本橋本町３丁目８番３号,,13,102,1030023,,,,,,,2026-01-28,1,,,,,アルフェナックスバイオロジクス,0
6387,7010003050010,新規,0,2026-01-28,2026-01-28,合同会社Ｍ‐Ｑｕａｌｉｔｙ,,合同会社,東京都,千代田区,神田神保町２丁目１０番地３１ＩＷビル１Ｆ,,13,101,1010051,,,,,,,2026-01-28,1,,,,,エムクオリティ,0
6388,7010005041288,新規,0,2026-01-28,2026-01-28,中部ロジスティクスファンド一般社団法人,,その他の設立登記法人,東京都,千代田区,霞が関３丁目２番５号,,13,101,1000013,,,,,,,2026-01-28,1,,,,,チュウブロジスティクスファンド,0
6653,7010401196099,新規,0,2026-01-28,2026-01-28,株式会社シークレット・コード,,株式会社,東京都,港区,南麻布３丁目２０番１号Ｄａｉｗａ麻布テラス５Ｆ,,13,103,1060047,,,,,,,2026-01-28,1,,,,,シークレットコード,0
6654,7010401196132,新規,0,2026-01-28,2026-01-28,Ｌａｔｉｏ株式会社,,株式会社,東京都,港区,新橋６丁目１３番１２号ＶＯＲＴ新橋ＩＩ４Ｆ,00142358,13,103,1050004,,,,,,,2026-01-28,1,,,,,ラティオ,0
6655,7010403037160,新規,0,2026-01-28,2026-01-28,Ｌｅｍａｎ合同会社,,合同会社,東京都,港区,西新橋１丁目１番１号ＥＰコンサルティングサービス内,,13,103,1050003,,,,,,,2026-01-28,1,,,,,レマン,0
6656,7010403037177,新規,0,2026-01-28,2026-01-28,合同会社Ｄｅｃｉｄｅｄｌｙ,,合同会社,東京都,港区,虎ノ門１丁目１番１８号ヒューリック虎ノ門ビル９階Ｌ＆Ｐ司法書士法人内,,13,103,1050001,,,,,,,2026-01-28,1,,,,,ディサイデッドリー,0
6657,7010403037185,新規,0,2026-01-28,2026-01-28,ＣＬＡＲ京阪奈合同会社,,合同会社,東京都,港区,六本木１丁目９番１０号アークヒルズ仙石山森タワー４０階,,13,103,1060032,,,,,,,2026-01-28,1,,,,,クラーケイハンナ,0
6659,7010405025287,新規,0,2026-01-28,2026-01-28,Ｔａｈｏｅ一般社団法人,,その他の設立登記法人,東京都,港区,西新橋１丁目１番１号ＥＰコンサルティングサービス内,,13,103,1050003,,,,,,,2026-01-28,1,,,,,タホ,0
6660,7010405025304,新規,0,2026-01-28,2026-01-28,一般社団法人Ｔａｐａｈ,,その他の設立登記法人,東京都,港区,虎ノ門１丁目１番１８号ヒューリック虎ノ門ビル９階Ｌ＆Ｐ司法書士法人内,,13,103,1050001,,,,,,,2026-01-28,1,,,,,ターファー,0
6663,7010503008152,新規,0,2026-01-28,2026-01-28,合同会社ミリオン,,合同会社,東京都,台東区,橋場１丁目１８番６－４０３号石見ビル,,13,106,1110023,,,,,,,2026-01-28,1,,,,,ミリオン,0
6697,7010603012046,新規,0,2026-01-28,2026-01-28,合同会社Ａｃｏｒｉ,,合同会社,東京都,墨田区,東駒形１丁目１１―１０,,13,107,1300005,,,,,,,2026-01-28,1,,,,,アコリ,0
6714,7010701048941,新規,0,2026-01-28,2026-01-28,ＳＡＫＥ　ＵＳ株式会社,,株式会社,東京都,品川区,西五反田２丁目２３番１号,,13,109,1410031,,,,,,,2026-01-28,1,,,,,サケアス,0
6721,7010801037002,新規,0,2026-01-28,2026-01-28,株式会社フードビジネスロード,,株式会社,東京都,大田区,東六郷３丁目１－１－４２０,,13,111,1440046,,,,,,,2026-01-28,1,,,,,フードビジネスロード,0
6725,7011001174957,新規,0,2026-01-28,2026-01-28,株式会社Ｐｒｉｓｍｅｌｌｅ,,株式会社,東京都,渋谷区,円山町５番３号ＭＩＥＵＸ渋谷ビル８階,,13,113,1500044,,,,,,,2026-01-28,1,,,,,プリスメル,0
6739,7011105011701,新規,0,2026-01-28,2026-01-28,一般社団法人和くらし・ぷらす,,その他の設立登記法人,東京都,新宿区,信濃町３４番地トーシン信濃町駅前ビル３０３,,13,104,1600016,,,,,,,2026-01-28,1,,,,,ワクラシプラス,0
6762,7011501033043,新規,0,2026-01-28,2026-01-28,ＬｉｎｋＰａｙ　Ｔｅｃｈｎｏｌｏｇｙ株式会社,,株式会社,東京都,荒川区,南千住３丁目２７－２浅草ビル５０８,,13,118,1160003,,,,,,,2026-01-28,1,,,,,リンクペイテクノロジー,0
6768,7012301014695,新規,0,2026-01-28,2026-01-28,株式会社鈴木翔会,,株式会社,東京都,町田市,忠生３丁目１８番地１４,,13,209,1940035,,,,,,,2026-01-28,1,,,,,スズキショウカイ,0
6772,7012403007548,新規,0,2026-01-28,2026-01-28,合同会社あえて婚,,合同会社,東京都,三鷹市,下連雀３丁目４３番７号３０２,,13,204,1810013,,,,,,,2026-01-28,1,,,,,アエテコン,0
6774,7012701019286,新規,0,2026-01-28,2026-01-28,株式会社ＳＨＩＮＣＡ,,株式会社,東京都,西東京市,北町１丁目４－１４,,13,229,2020003,,,,,,,2026-01-28,1,,,,,シンカ,0
6781,7020001166864,新規,0,2026-01-28,2026-01-28,株式会社Ａｕｔｈｅｎｓｅ,,株式会社,神奈川県,川崎市高津区,諏訪３丁目７番２５－３０４号ラフィネ・ベルツリー,,14,134,2130004,,,,,,,2026-01-28,1,,,,,オーセンス,0
6787,7021001087332,新規,0,2026-01-28,2026-01-28,株式会社トータルワン,,株式会社,神奈川県,厚木市,中町３丁目１番１６号信和ビル５０２,,14,212,2430018,,,,,,,2026-01-28,1,,,,,トータルワン,0
6790,7021003017048,新規,0,2026-01-28,2026-01-28,合同会社リリナ,,合同会社,神奈川県,三浦郡葉山町,堀内７５－１・プリオール葉山の杜８０３号,,14,301,2400112,,,,,,,2026-01-28,1,,,,,リリナ,0
6791,7021003017056,新規,0,2026-01-28,2026-01-28,Ｃｏｒｅ　Ｃｉｒｃｌｅ合同会社,,合同会社,神奈川県,相模原市南区,上鶴間本町４丁目３２番２６号６０１,,14,153,2520318,,,,,,,2026-01-28,1,,,,,コアサークル,0
6792,7021003017072,新規,0,2026-01-28,2026-01-28,合同会社ＴｉｓＬａｂ,,合同会社,神奈川県,厚木市,森の里３丁目２２番２号,,14,212,2430122,,,,,,,2026-01-28,1,,,,,ティスラボ,0
6795,7030001170725,新規,0,2026-01-28,2026-01-28,株式会社ＧＲＯ,,株式会社,埼玉県,所沢市,けやき台１丁目１５番地の５グランヴィルけやき台５０６,,11,208,3591118,,,,,,,2026-01-28,1,,,,,ジーアールオー,0
6800,7030003028533,新規,0,2026-01-28,2026-01-28,合同会社ｉｃｅ　ｂｌｏｏｍ,,合同会社,埼玉県,加須市,川口３丁目９番地２０,,11,210,3470014,,,,,,,2026-01-28,1,,,,,アイスブルーム,0
6801,7040001142104,新規,0,2026-01-28,2026-01-28,株式会社カトーテック,,株式会社,千葉県,市原市,青柳１丁目３番地８,,12,219,2990102,,,,,,,2026-01-28,1,,,,,カトーテック,0
6802,7040001142236,新規,0,2026-01-28,2026-01-28,株式会社エコアーチ,,株式会社,千葉県,市川市,宮久保５丁目２５番２２号,,12,203,2720822,,,,,,,2026-01-28,1,,,,,エコアーチ,0
6803,7040001142252,新規,0,2026-01-28,2026-01-28,株式会社Ｈａｐｐｙ　Ｇｌｉｔｃｈ,,株式会社,千葉県,船橋市,中野木２丁目１１番１－１０５号,,12,204,2740826,,,,,,,2026-01-28,1,,,,,ハッピーグリッチ,0
6814,7050003009845,新規,0,2026-01-28,2026-01-28,合同会社ｐｒｏ‐ｓｏｕｆｆｌｅ,,合同会社,茨城県,筑西市,藤ケ谷２２６４番地２,,08,227,3080112,,,,,,,2026-01-28,1,,,,,プロスフレ,0
6929,7060003005942,新規,0,2026-01-28,2026-01-28,合同会社Ｓｕｃｒｉａ,,合同会社,栃木県,小山市,城西１丁目２７番地１４,,09,208,3230060,,,,,,,2026-01-28,1,,,,,スクリア,0
7099,7080403005433,新規,0,2026-01-28,2026-01-28,合同会社マルソウ,,合同会社,静岡県,浜松市中央区,丸塚町２８９番地の２,,22,138,4350046,,,,,,,2026-01-28,1,,,,,マルソウ,0
7104,7100001039302,新規,0,2026-01-28,2026-01-28,株式会社あいだ,,株式会社,長野県,上田市,築地５１番地４２,,20,203,3861107,,,,,,,2026-01-28,1,,,,,アイダ,0
7115,7120001283716,新規,0,2026-01-28,2026-01-28,トクラーク株式会社,,株式会社,大阪府,大阪市東淀川区,東中島２丁目８番８号ワークステーション新大阪１１０４号室,,27,114,5330033,,,,,,,2026-01-28,1,,,,,トクラーク,0
7116,7120001283740,新規,0,2026-01-28,2026-01-28,ブリュクス株式会社,,株式会社,大阪府,大阪市西区,江戸堀２丁目１－１江戸堀センタービルＢ１,,27,106,5500002,,,,,,,2026-01-28,1,,,,,ブリュクス,0
7117,7120001283749,新規,0,2026-01-28,2026-01-28,ＬＥＸＩＮ株式会社,,株式会社,大阪府,大阪市東成区,深江南１丁目４番２０号,,27,115,5370002,,,,,,,2026-01-28,1,,,,,ラクシン,0
7124,7120101073125,新規,0,2026-01-28,2026-01-28,株式会社ＳＨＤ,,株式会社,大阪府,岸和田市,作才町１１３番地,,27,202,5960826,,,,,,,2026-01-28,1,,,,,エスエイチディー,0
7126,7120103006966,新規,0,2026-01-28,2026-01-28,合同会社水心,,合同会社,大阪府,大阪狭山市,池尻中１丁目１９番２５号,,27,231,5890007,,,,,,,2026-01-28,1,,,,,スイシン,0
7188,7122001040072,新規,0,2026-01-28,2026-01-28,株式会社Ｌｉｎｋ　Ｓｔａｒ,,株式会社,大阪府,東大阪市,荒川３丁目２４番３２号,,27,227,5770843,,,,,,,2026-01-28,1,,,,,リンクスター,0
7246,7130005017573,新規,0,2026-01-28,2026-01-28,一般社団法人循環するくらしとまち,,その他の設立登記法人,京都府,京都市北区,紫野十二坊町７番地２０,,26,101,6038303,,,,,,,2026-01-28,1,,,,,ジュンカンスルクラシトマチ,0
7252,7140003023135,新規,0,2026-01-28,2026-01-28,ＫＳＰ・ＨＤ合同会社,,合同会社,兵庫県,神戸市灘区,桜ケ丘町６番３３号,,28,102,6570021,,,,,,,2026-01-28,1,,,,,ケイエスピーエイチディー,0
7253,7140003023143,新規,0,2026-01-28,2026-01-28,合同会社ＫＡＨＯＯ,,合同会社,兵庫県,伊丹市,堀池１丁目８－１２,,28,207,6640871,,,,,,,2026-01-28,1,,,,,カフー,0
7258,7180001170454,新規,0,2026-01-28,2026-01-28,誠信コンストラクション株式会社,,株式会社,愛知県,名古屋市中区,錦３丁目２３番１８号ニューサカエビル,,23,106,4600003,,,,,,,2026-01-28,1,,,,,セイシンコンストラクション,0
7259,7180001170462,新規,0,2026-01-28,2026-01-28,ＫＴＣ　ＡＵＴＯ株式会社,,株式会社,愛知県,名古屋市名東区,姫若町１番地の１ＫＴＣグループビル５Ｆ,,23,115,4650045,,,,,,,2026-01-28,1,,,,,ケーティーシーオート,0
7270,7180301040638,新規,0,2026-01-28,2026-01-28,株式会社ＫＤｅＸ,,株式会社,愛知県,豊田市,美里２丁目１１番地２４,,23,211,4710805,,,,,,,2026-01-28,1,,,,,ケイデックス,0
7278,7200001044663,新規,0,2026-01-28,2026-01-28,株式会社昌建瓦工事店,,株式会社,岐阜県,加茂郡川辺町,比久見１０６７番地１,,21,503,5090315,,,,,,,2026-01-28,1,,,,,マサケンカワラコウジテン,0
7295,7240001066101,新規,0,2026-01-28,2026-01-28,株式会社体育社東広島本店,,株式会社,広島県,東広島市,西条町西条東８０９番地２,,34,212,7390042,,,,,,,2026-01-28,1,,,,,タイイクシャヒガシヒロシマホンテン,0
7301,7260001040938,新規,0,2026-01-28,2026-01-28,株式会社コドモキモノアソビ,,株式会社,岡山県,岡山市南区,藤田２０１７番地５,,33,104,7010221,,,,,,,2026-01-28,1,,,,,コドモキモノアソビ,0
7302,7260003005492,新規,0,2026-01-28,2026-01-28,合同会社ｆｐサポートオフィス,,合同会社,岡山県,浅口郡里庄町,大字新庄グリーンクレスト２３番地２,,33,445,7190304,,,,,,,2026-01-28,1,,,,,エフピーサポートオフィス,0
7306,7290001112874,新規,0,2026-01-28,2026-01-28,株式会社五常Ｃａｍｐａｎｉａ,,株式会社,福岡県,久留米市,安武町安武本３０９５番地４,,40,203,8300072,,,,,,,2026-01-28,1,,,,,ゴジョウカンパニア,0
7307,7290001112890,新規,0,2026-01-28,2026-01-28,株式会社ナカモト,,株式会社,福岡県,福岡市博多区,博多駅前３丁目３０番１５号,,40,132,8120011,,,,,,,2026-01-28,1,,,,,ナカモト,0
7308,7290001112949,新規,0,2026-01-28,2026-01-28,株式会社ａｇｒ,,株式会社,福岡県,福岡市東区,松田３丁目１７－７－７１１,,40,131,8120064,,,,,,,2026-01-28,1,,,,,エージーアール,0
7309,7290001112965,新規,0,2026-01-28,2026-01-28,三双運輸株式会社,,株式会社,福岡県,糸島市,瀬戸２５７番地１,,40,230,8191156,,,,,,,2026-01-28,1,,,,,サンソウウンユ,0
7313,7290003017964,新規,0,2026-01-28,2026-01-28,合同会社ＦＡＭＩＬＬＩＯＮ,,合同会社,福岡県,福岡市早良区,室見２丁目４－２８－４０２,,40,137,8140015,,,,,,,2026-01-28,1,,,,,ファミリオン,0
7350,7380001035835,新規,0,2026-01-28,2026-01-28,株式会社ウッドライズ,,株式会社,福島県,石川郡古殿町,大字田口字黒長２３,,07,505,9638306,,,,,,,2026-01-28,1,,,,,ウッドライズ,0
7351,7380005013060,新規,0,2026-01-28,2026-01-28,特定非営利活動法人ネウボラふくしま,,その他の設立登記法人,福島県,郡山市,安積町荒井字方八丁６５番地の１,,07,203,9630111,,,,,,,2026-01-28,1,,,,,ネウボラフクシマ,0
7353,7400003003639,新規,0,2026-01-28,2026-01-28,フォージ合同会社,,合同会社,岩手県,北上市,大通り３丁目２番５号,,03,206,0240061,,,,,,,2026-01-28,1,,,,,,0
7354,7410001014380,新規,0,2026-01-28,2026-01-28,株式会社アグリ一穂,,株式会社,秋田県,南秋田郡八郎潟町,夜叉袋字下昼寝３６３番地６,,05,363,0181606,,,,,,,2026-01-28,1,,,,,アグリイチホ,0
7446,7430001096112,新規,0,2026-01-28,2026-01-28,ＡＵＬＥＮＩＡ株式会社,,株式会社,北海道,札幌市中央区,南五条西５丁目９番１号,,01,101,0640805,,,,,,,2026-01-28,1,,,,,オーレニア,0
7477,7450003002768,新規,0,2026-01-28,2026-01-28,合同会社こはく,,合同会社,北海道,中川郡美深町,字東一条北２丁目１２－３,,01,469,0982221,,,,,,,2026-01-28,1,,,,,,0
7481,7480001013062,新規,0,2026-01-28,2026-01-28,Ｆｅａｔホールディングス株式会社,,株式会社,徳島県,徳島市,助任橋３丁目２５番地１,,36,201,7700815,,,,,,,2026-01-28,1,,,,,フィートホールディングス,0
7487,7700150134181,新規,0,2026-01-28,2026-01-28,Ａｓａｙａｋｅ　ＰＴＥ．ＬＴＤ．,,外国会社等,,,,,,,,１０　Ａｎｓｏｎ　Ｒｏａｄ，♯１２－１４，Ｉｎｔｅｒｎａｔｉｏｎａｌ　Ｐｌａｚａ，Ｓｉｎｇａｐｏｒｅ　０７９９０３,,,,,,2026-01-28,1,,,,,アサヤケピーテイーイーリミテツド,0
7494,8010001261830,新規,0,2026-01-28,2026-01-28,株式会社ビークルズ,,株式会社,東京都,千代田区,有楽町２丁目１０－１東京交通会館６Ｆ,,13,101,1000006,,,,,,,2026-01-28,1,,,,,ビークルズ,0
7495,8010001262283,新規,0,2026-01-28,2026-01-28,ＣＯＵＸＵエンターテイメント株式会社,,株式会社,東京都,中央区,日本橋堀留町１丁目４番２号,,13,102,1030012,,,,,,,2026-01-28,1,,,,,コークエンターテイメント,0
7496,8010001262309,新規,0,2026-01-28,2026-01-28,株式会社ＭＴ,,株式会社,東京都,中央区,日本橋蛎殻町２丁目１１番３号,,13,102,1030014,,,,,,,2026-01-28,1,,,,,エムティー,0
7497,8010001262317,新規,0,2026-01-28,2026-01-28,株式会社Ｂｕｎｎｙ　Ｈｏｐ,,株式会社,東京都,千代田区,神田須田町１丁目７番８号ＶＯＲＴ秋葉原ＩＶ２Ｆ,00142366,13,101,1010041,,,,,,,2026-01-28,1,,,,,バニーホップ,0
7501,8010003050034,新規,0,2026-01-28,2026-01-28,シーズコネクト合同会社,,合同会社,東京都,中央区,日本橋２丁目１６番４号,,13,102,1030027,,,,,,,2026-01-28,1,,,,,シーズコネクト,0
7502,8010003050100,新規,0,2026-01-28,2026-01-28,合同会社ＭＮＧ,,合同会社,東京都,中央区,銀座１丁目１２番４号Ｎ＆Ｅ・ＢＬＤ．６Ｆ,,13,102,1040061,,,,,,,2026-01-28,1,,,,,エムエヌジー,0
7504,8010005041287,新規,0,2026-01-28,2026-01-28,一般社団法人ラムダ,,その他の設立登記法人,東京都,中央区,日本橋１丁目４番１号,,13,102,1030027,,,,,,,2026-01-28,1,,,,,ラムダ,0
7753,8010401196123,新規,0,2026-01-28,2026-01-28,株式会社Ｔａｇ　Ｂｅａｕｔｙ,,株式会社,東京都,港区,虎ノ門３丁目２５番５－１８０３号,,13,103,1050001,,,,,,,2026-01-28,1,,,,,タグビューティ,0
7754,8010401196131,新規,0,2026-01-28,2026-01-28,Ｌｅｏｎｉｄａｓ株式会社,,株式会社,東京都,港区,新橋６丁目１３番１２号ＶＯＲＴ新橋ＩＩ４Ｆ,00142359,13,103,1050004,,,,,,,2026-01-28,1,,,,,レオニダス,0
7755,8010401196148,新規,0,2026-01-28,2026-01-28,ＭａｊｏｒＴｒｕｓｔ株式会社,,株式会社,東京都,港区,虎ノ門１丁目１番２１号,,13,103,1050001,,,,,,,2026-01-28,1,,,,,メジャートラスト,0
7757,8010403037143,新規,0,2026-01-28,2026-01-28,ＹＫ合同会社,,合同会社,東京都,港区,南青山３丁目１番３６号青山丸竹ビル６Ｆ,,13,103,1070062,,,,,,,2026-01-28,1,,,,,ワイケイ,0
7758,8010403037176,新規,0,2026-01-28,2026-01-28,合同会社Ｃａｒｒｙ　Ｂａｃｋ,,合同会社,東京都,港区,虎ノ門１丁目１番１８号ヒューリック虎ノ門ビル９階Ｌ＆Ｐ司法書士法人内,,13,103,1050001,,,,,,,2026-01-28,1,,,,,キャリーバック,0
7759,8010405025286,新規,0,2026-01-28,2026-01-28,Ｅｙｒｅ一般社団法人,,その他の設立登記法人,東京都,港区,西新橋１丁目１番１号ＥＰコンサルティングサービス内,,13,103,1050003,,,,,,,2026-01-28,1,,,,,エア,0
7760,8010405025303,新規,0,2026-01-28,2026-01-28,一般社団法人Ｐｅｉｐａｈ,,その他の設立登記法人,東京都,港区,虎ノ門１丁目１番１８号ヒューリック虎ノ門ビル９階Ｌ＆Ｐ司法書士法人内,,13,103,1050001,,,,,,,2026-01-28,1,,,,,ペイパー,0
7762,8010501055369,新規,0,2026-01-28,2026-01-28,株式会社福沢商事,,株式会社,東京都,台東区,根岸４丁目６番７号の１０１室,,13,106,1100003,,,,,,,2026-01-28,1,,,,,フクザワショウジ,0
7809,8010701048949,新規,0,2026-01-28,2026-01-28,株式会社ＮＥＸＴＡ,,株式会社,東京都,品川区,戸越２丁目６番２３号,,13,109,1420041,,,,,,,2026-01-28,1,,,,,ネクスタ,0
7821,8011001175120,新規,0,2026-01-28,2026-01-28,株式会社ＧＲＯＷＣ,,株式会社,東京都,渋谷区,道玄坂１丁目１０番８号渋谷道玄坂東急ビル２Ｆ－Ｃ,,13,113,1500043,,,,,,,2026-01-28,1,,,,,グローク,0
7823,8011003023426,新規,0,2026-01-28,2026-01-28,合同会社ひかりベース,,合同会社,東京都,渋谷区,恵比寿１丁目２０番２号７０４号室嶋本公認会計士事務所気付,,13,113,1500013,,,,,,,2026-01-28,1,,,,,ヒカリベース,0
7824,8011003023483,新規,0,2026-01-28,2026-01-28,合同会社ＫＥＮＯ,,合同会社,東京都,渋谷区,初台２丁目１４番１３号,,13,113,1510061,,,,,,,2026-01-28,1,,,,,ケノ,0
7829,8011103017006,新規,0,2026-01-28,2026-01-28,合同会社ＩＷＡＫ,,合同会社,東京都,新宿区,大京町２６番地１マジェスティハウス新宿御苑パークナード４２６,,13,104,1600015,,,,,,,2026-01-28,1,,,,,アイワック,0
7848,8011501033042,新規,0,2026-01-28,2026-01-28,森美株式会社,,株式会社,東京都,荒川区,南千住３丁目２７－２浅草ビル５０８,,13,118,1160003,,,,,,,2026-01-28,1,,,,,モリミ,0
7857,8012301014694,新規,0,2026-01-28,2026-01-28,エムライズ防災株式会社,,株式会社,東京都,町田市,図師町２９５４番地６２,,13,209,1940203,,,,,,,2026-01-28,1,,,,,エムライズボウサイ,0
7862,8012403007588,新規,0,2026-01-28,2026-01-28,合同会社ソルトムーン,,合同会社,東京都,小金井市,前原町４丁目２０－３９,,13,210,1840013,,,,,,,2026-01-28,1,,,,,ソルトムーン,0
7863,8012801024499,新規,0,2026-01-28,2026-01-28,株式会社ＳＢＧ,,株式会社,東京都,立川市,柴崎町３丁目５番１１号柴崎町ソシアルビル３階,,13,202,1900023,,,,,,,2026-01-28,1,,,,,エスビージー,0
7872,8021001087348,新規,0,2026-01-28,2026-01-28,株式会社ＥＬＩＴＥＡ,,株式会社,神奈川県,大和市,渋谷６丁目１８－５－２階,,14,213,2420023,,,,,,,2026-01-28,1,,,,,エリテア,0
7877,8021003017039,新規,0,2026-01-28,2026-01-28,ＭＹ　ＲＯＯＴＳ合同会社,,合同会社,神奈川県,伊勢原市,伊勢原１丁目１７－３,,14,214,2591131,,,,,,,2026-01-28,1,,,,,マイルーツ,0
7878,8021003017055,新規,0,2026-01-28,2026-01-28,合同会社ＢＲＩＧＨＴ,,合同会社,神奈川県,綾瀬市,上土棚北３丁目２２番２号アーバンフィールドＩＩ２０２,00142365,14,218,2521111,,,,,,,2026-01-28,1,,,,,ブライト,0
7879,8021005013531,新規,0,2026-01-28,2026-01-28,一般社団法人ウィンメルブック文化協会,,その他の設立登記法人,神奈川県,鎌倉市,材木座５丁目１５－１２,,14,204,2480013,,,,,,,2026-01-28,1,,,,,ウィンメルブックブンカキョウカイ,0
7883,8030001170732,新規,0,2026-01-28,2026-01-28,株式会社ごかテック・らくらく,,株式会社,埼玉県,さいたま市大宮区,桜木町１丁目１９５－１大宮ソラミチＫＯＺ４階,,11,103,3300854,,,,,,,2026-01-28,1,,,,,ゴカテックラクラク,0
7891,8040001142169,新規,0,2026-01-28,2026-01-28,株式会社ＤＳＥホールディングス,,株式会社,千葉県,千葉市緑区,あすみが丘８丁目９番地９,,12,105,2670066,,,,,,,2026-01-28,1,,,,,ディーエスイーホールディングス,0
7899,8040003029364,新規,0,2026-01-28,2026-01-28,ＴａｒＭｏＣａｐ合同会社,,合同会社,千葉県,千葉市中央区,本千葉町１５－１京成千葉中央ビル３Ｆ,,12,101,2600014,,,,,,,2026-01-28,1,,,,,タルモカップ,0
7905,8050003009902,新規,0,2026-01-28,2026-01-28,合同会社コレクトラ,,合同会社,茨城県,那珂郡東海村,大字舟石川２４０番地３,,08,341,3191111,,,,,,,2026-01-28,1,,,,,コレクトラ,0
8136,8070001043769,新規,0,2026-01-28,2026-01-28,ハイステータス株式会社,,株式会社,群馬県,館林市,本町２丁目５番３６号,,10,207,3740024,,,,,,,2026-01-28,1,,,,,ハイステータス,0
8178,8120001283723,新規,0,2026-01-28,2026-01-28,株式会社ＣＨＥＥＲＵＳ,,株式会社,大阪府,大阪市北区,梅田１丁目１番３号大阪駅前第３ビル２９階１－１－１号室,,27,127,5300001,,,,,,,2026-01-28,1,,,,,チアラス,0
8179,8120001283748,新規,0,2026-01-28,2026-01-28,株式会社ナヴァラサ,,株式会社,大阪府,大阪市北区,梅田２丁目２番２号ヒルトンプラザウエスト１９階,,27,127,5300001,,,,,,,2026-01-28,1,,,,,ナヴァラサ,0
8216,8120905006840,新規,0,2026-01-28,2026-01-28,医療法人友敬会,,その他の設立登記法人,大阪府,箕面市,瀬川３丁目１番１３号グランヴィア鹿島１階,,27,220,5620045,,,,,,,2026-01-28,1,,,,,ユウケイカイ,0
8285,8130005017572,新規,0,2026-01-28,2026-01-28,一般社団法人わっしょい,,その他の設立登記法人,京都府,京都市左京区,下鴨下川原町４６番地６,,26,103,6060803,,,,,,,2026-01-28,1,,,,,ワッショイ,0
8292,8140001141516,新規,0,2026-01-28,2026-01-28,株式会社ＳＩＲＩＵＳＬＩＮＫ,,株式会社,兵庫県,西宮市,高木東町１５－２６－３０６,,28,204,6638033,,,,,,,2026-01-28,1,,,,,シリウスリンク,0
8293,8140005027777,新規,0,2026-01-28,2026-01-28,一般社団法人えがお,,その他の設立登記法人,兵庫県,加古川市,平岡町高畑字王子岡１３７番地の１,,28,210,6750103,,,,,,,2026-01-28,1,,,,,エガオ,0
8296,8150001028687,新規,0,2026-01-28,2026-01-28,株式会社ＫＩＨＩＲＯ,,株式会社,奈良県,奈良市,奈良阪町２２８６－１,,29,201,6308104,,,,,,,2026-01-28,1,,,,,キヒロ,0
8308,8180001170429,新規,0,2026-01-28,2026-01-28,株式会社Ｏｃｔａｎｅ,,株式会社,愛知県,名古屋市中区,葵１丁目２０番１９号,,23,106,4600006,,,,,,,2026-01-28,1,,,,,オクタン,0
8309,8180001170453,新規,0,2026-01-28,2026-01-28,株式会社ＯＫＤＲ,,株式会社,愛知県,海部郡蟹江町,宝３丁目９７番地２,,23,425,4970030,,,,,,,2026-01-28,1,,,,,オーケーディーアール,0
8312,8180003029664,新規,0,2026-01-28,2026-01-28,合同会社Ｃｏ．ＲＹ　Ｆａｃｔｏｒｙ,,合同会社,愛知県,名古屋市中村区,名駅４丁目２４番５号第２森ビル４０１,,23,105,4500002,,,,,,,2026-01-28,1,,,,,コリーファクトリー,0
8313,8180003029697,新規,0,2026-01-28,2026-01-28,合同会社颯進電設,,合同会社,愛知県,名古屋市中村区,小鴨町１１１番地Ｖｉｖｉｅｎｄａ名古屋２０５号,,23,105,4530844,,,,,,,2026-01-28,1,,,,,ソウシンデンセツ,0
8315,8180301040620,新規,0,2026-01-28,2026-01-28,株式会社Ｔ・Ｉ・Ｋ,,株式会社,愛知県,豊田市,高岡町池端２１番地１エミナンスＮＡＧＡＴＡ・Ｂー１０１号,,23,211,4730933,,,,,,,2026-01-28,1,,,,,ティアイケイ,0
8338,8240001066100,新規,0,2026-01-28,2026-01-28,株式会社Ｈａｒｍｏｎｙ,,株式会社,広島県,広島市安佐北区,深川１丁目１１番１７号,,34,106,7391751,,,,,,,2026-01-28,1,,,,,ハーモニー,0
8346,8280001009575,新規,0,2026-01-28,2026-01-28,株式会社大森の湯,,株式会社,島根県,松江市,宍道町上来待２６４番地４,,32,201,6990405,,,,,,,2026-01-28,1,,,,,オオモリノユ,0
8350,8290001112881,新規,0,2026-01-28,2026-01-28,あひる保険センター株式会社,,株式会社,福岡県,福岡市中央区,平尾２丁目３番２４号,,40,133,8100014,,,,,,,2026-01-28,1,,,,,アヒルホケンセンター,0
8354,8290805009902,新規,0,2026-01-28,2026-01-28,特定非営利活動法人アニマルホームｏｈａｎａ,,その他の設立登記法人,福岡県,中間市,朝霧１丁目２０番２号,,40,215,8090021,,,,,,,2026-01-28,1,,,,,アニマルホームオハナ,0
8356,8310001019934,新規,0,2026-01-28,2026-01-28,Ｌｉｇｈｔ株式会社,,株式会社,長崎県,大村市,竹松本町５５０番地２,,42,205,8560805,,,,,,,2026-01-28,1,,,,,ライト,0
8381,8340001027934,新規,0,2026-01-28,2026-01-28,株式会社リ・ファン,,株式会社,鹿児島県,鹿児島市,武１丁目２－１０ＪＲ鹿児島中央ビル４階,,46,201,8900045,,,,,,,2026-01-28,1,,,,,リファン,0
8457,8430001096136,新規,0,2026-01-28,2026-01-28,株式会社まちづくりネクサス,,株式会社,北海道,札幌市手稲区,手稲本町二条４丁目８番２０号,,01,109,0060022,,,,,,,2026-01-28,1,,,,,マチヅクリネクサス,0
8480,8430005015397,新規,0,2026-01-28,2026-01-28,特定非営利活動法人Ｃ＆Ｓ,,その他の設立登記法人,北海道,空知郡南幌町,南１２線西６号,,01,423,0690212,,,,,,,2026-01-28,1,,,,,シーアンドエス,0
8485,8500005008848,新規,0,2026-01-28,2026-01-28,一般社団法人かわまちコネクト,,その他の設立登記法人,愛媛県,大洲市,徳森７３２番地２６,,38,207,7950061,,,,,,,2026-01-28,1,,,,,カワマチコネクト,0
8488,8700150134180,新規,0,2026-01-28,2026-01-28,Ｐｅｒｐｌｅｘｉｔｙ　ＡＩ，Ｉｎｃ．,,外国会社等,,,,,,,,１１５　Ｓａｎｓｏｍｅ　Ｓｔｒｅｅｔ，Ｓａｎ　Ｆｒａｎｃｉｓｃｏ，Ｃａｌｉｆｏｒｎｉａ，９４１０４，ＵＳＡ,,,,,,2026-01-28,1,,,,,パープレキシテイエーアイインク,0
8489,8700150134189,新規,0,2026-01-28,2026-01-28,ＳｈｅｎＺｈｅｎＳｈｉＲｕｎＹａｎｇＺｈｉＦｕＭａｏＹｉＹｏｕＸｉａｎＧｏｎｇＳｉ,,外国会社等,,,,,,,,ＬＯＮＧＧＡＮＧＱＵＹＵＡＮＳＨＡＮＪＩＥＤＡＯＤＡＫＡＮＧＳＨＥＱＵ，ＨＵＡＹＵＡＮＬＵ５ＨＡＯ２０１，ＳＨＥＮＺＨＥＮＳＨＩ　５１８０００　ＣＮ,,,,,,2026-01-28,1,,,,,シンセンシルンヤンジフマオイユウゲンコウシ,0
8496,9010001261986,新規,0,2026-01-28,2026-01-28,シーライフ株式会社,,株式会社,東京都,中央区,日本橋２丁目２番３号ＲＩＳＨＥビルＵＣＦ４０２,,13,102,1030027,,,,,,,2026-01-28,1,,,,,シーライフ,0
8497,9010001262316,新規,0,2026-01-28,2026-01-28,株式会社ＵＮＺ,,株式会社,東京都,中央区,銀座１丁目１２－４Ｎ＆ＥＢＬＤ．７階,,13,102,1040061,,,,,,,2026-01-28,1,,,,,ユーエヌジー,0
8498,9010001262332,新規,0,2026-01-28,2026-01-28,ＬＩＢＥＣＨＩＣ株式会社,,株式会社,東京都,中央区,銀座１丁目１２番４号Ｎ＆ＥＢＬＤ．６Ｆ,,13,102,1040061,,,,,,,2026-01-28,1,,,,,リベシック,0
8499,9010001262349,新規,0,2026-01-28,2026-01-28,株式会社ＡＲＱｎｅｘｔ,,株式会社,東京都,中央区,日本橋兜町９－５兜町平和ダイヤビル,,13,102,1030026,,,,,,,2026-01-28,1,,,,,アークネクスト,0
8503,9010003050116,新規,0,2026-01-28,2026-01-28,悠久創研合同会社,,合同会社,東京都,中央区,銀座６丁目６番１号銀座風月堂ビル５Ｆ,,13,102,1040061,,,,,,,2026-01-28,1,,,,,ユウキュウソウケン,0
8504,9010003050173,新規,0,2026-01-28,2026-01-28,マーベル・アセッツ合同会社,,合同会社,東京都,千代田区,丸の内１丁目９番２号グラントウキョウサウスタワー１７階１７０５区,,13,101,1000005,,,,,,,2026-01-28,1,,,,,マーベルアセッツ,0
8506,9010005041286,新規,0,2026-01-28,2026-01-28,一般社団法人ＡＦ２１,,その他の設立登記法人,東京都,中央区,日本橋１丁目４番１号,,13,102,1030027,,,,,,,2026-01-28,1,,,,,エーエフトゥエンティーワン,0
8759,9010401196097,新規,0,2026-01-28,2026-01-28,株式会社Ｚｉｏｎ,,株式会社,東京都,港区,海岸１丁目１３番１５－１２１０号,,13,103,1050022,,,,,,,2026-01-28,1,,,,,サイオン,0
8760,9010401196163,新規,0,2026-01-28,2026-01-28,株式会社ＡＰ８８ホールディングス,,株式会社,東京都,港区,虎ノ門４丁目１番２８号虎ノ門タワーズオフィス１７階,,13,103,1050001,,,,,,,2026-01-28,1,,,,,エーピーハチジュウハチホールディングス,0
8764,9010403037142,新規,0,2026-01-28,2026-01-28,合同会社ＡＮＮＲＥＯ,,合同会社,東京都,港区,北青山１丁目３番１号アールキューブ青山３階,,13,103,1070061,,,,,,,2026-01-28,1,,,,,アンレオ,0
8765,9010403037159,新規,0,2026-01-28,2026-01-28,Ｐａｔｏｓ合同会社,,合同会社,東京都,港区,西新橋１丁目１番１号ＥＰコンサルティングサービス内,,13,103,1050003,,,,,,,2026-01-28,1,,,,,パトス,0
8766,9010403037175,新規,0,2026-01-28,2026-01-28,合同会社Ｔｏｍｙ　Ｌｅｅ,,合同会社,東京都,港区,虎ノ門１丁目１番１８号ヒューリック虎ノ門ビル９階Ｌ＆Ｐ司法書士法人内,,13,103,1050001,,,,,,,2026-01-28,1,,,,,トミーリー,0
8767,9010405025302,新規,0,2026-01-28,2026-01-28,一般社団法人Ｎｏｎｇｆａ,,その他の設立登記法人,東京都,港区,虎ノ門１丁目１番１８号ヒューリック虎ノ門ビル９階Ｌ＆Ｐ司法書士法人内,,13,103,1050001,,,,,,,2026-01-28,1,,,,,ノンファ,0
8768,9010501055376,新規,0,2026-01-28,2026-01-28,株式会社Ｃｙｃｌｅｅｅ．,,株式会社,東京都,台東区,寿２丁目１番６号アイステージ寿１０６,,13,106,1110042,,,,,,,2026-01-28,1,,,,,サイクル,0
8770,9010505003678,新規,0,2026-01-28,2026-01-28,千鳥ヶ淵税理士法人,,その他の設立登記法人,東京都,台東区,上野２丁目１１番１３号センチュリオン池之端ビル１階,,13,106,1100005,,,,,,,2026-01-28,1,,,,,チドリガフチ,0
8802,9010603012044,新規,0,2026-01-28,2026-01-28,合同会社ＩＮＵＶＡＴＩＯＮ,,合同会社,東京都,墨田区,文花２丁目１０番１６－２０３号,,13,107,1310044,,,,,,,2026-01-28,1,,,,,イヌベーション,0
8845,9011001174955,新規,0,2026-01-28,2026-01-28,株式会社ＬＥＢＡＳＥ,,株式会社,東京都,渋谷区,神南１丁目１１番４号ＦＰＧリンクス神南５階,,13,113,1500041,,,,,,,2026-01-28,1,,,,,リベイス,0
8846,9011001174971,新規,0,2026-01-28,2026-01-28,Ｈｉｇｈ　Ｉｄｅａ株式会社,,株式会社,東京都,渋谷区,神南１丁目１１－４ＦＰＧリンクス神南５階,,13,113,1500041,,,,,,,2026-01-28,1,,,,,ハイアイデア,0
8851,9011101114555,新規,0,2026-01-28,2026-01-28,株式会社Ｅｎｌｉｇｈｔ,,株式会社,東京都,新宿区,新宿１丁目４番８号,,13,104,1600022,,,,,,,2026-01-28,1,,,,,エンライト,0
8868,9011401027721,新規,0,2026-01-28,2026-01-28,株式会社ラルカディア,,株式会社,東京都,板橋区,成増２丁目３１番１－５０４号,,13,119,1750094,,,,,,,2026-01-28,1,,,,,ラルカディア,0
8869,9011401027762,新規,0,2026-01-28,2026-01-28,桜モビリティ株式会社,,株式会社,東京都,板橋区,三園２丁目１７－７,,13,119,1750091,,,,,,,2026-01-28,1,,,,,サクラモビリティ,0
8881,9011701029120,新規,0,2026-01-28,2026-01-28,株式会社Ｈａｇｉｃｏｒｐ,,株式会社,東京都,江戸川区,興宮町２５番１２号,,13,123,1330042,,,,,,,2026-01-28,1,,,,,ハギコープ,0
8891,9012701019284,新規,0,2026-01-28,2026-01-28,ＳＡＲＡ株式会社,,株式会社,東京都,東村山市,廻田町１丁目１９番地７３,,13,213,1890025,,,,,,,2026-01-28,1,,,,,サラ,0
8892,9012701019292,新規,0,2026-01-28,2026-01-28,サンライズ・モンド株式会社,,株式会社,東京都,西東京市,柳沢２丁目１４番１５号ザ・ガーデンハウス武蔵野５２２号室,,13,229,2020022,,,,,,,2026-01-28,1,,,,,,0
8893,9013103001525,新規,0,2026-01-28,2026-01-28,合同会社ＵＢＯＲＤＥＲＬＥＳＳ,,合同会社,東京都,青梅市,藤橋２丁目１１６番地３,,13,205,1980022,,,,,,,2026-01-28,1,,,,,ユーボーダレス,0
8903,9020001166862,新規,0,2026-01-28,2026-01-28,株式会社ここちプラス,,株式会社,神奈川県,横浜市港南区,笹下７丁目１８番４６号,,14,111,2340052,,,,,,,2026-01-28,1,,,,,ココチプラス,0
8906,9020003030050,新規,0,2026-01-28,2026-01-28,合同会社ドードーインターナショナル,,合同会社,神奈川県,横浜市西区,北幸２丁目１０－４８－３階,,14,103,2200004,,,,,,,2026-01-28,1,,,,,ドードーインターナショナル,0
8907,9020003030224,新規,0,2026-01-28,2026-01-28,合同会社エヌアールエフ,,合同会社,神奈川県,横浜市青葉区,あかね台１丁目１７番地６６,,14,117,2270066,,,,,,,2026-01-28,1,,,,,エヌアールエフ,0
8908,9020003030249,新規,0,2026-01-28,2026-01-28,ｃｈｉｎｇｓｏｎ合同会社,,合同会社,神奈川県,横浜市中区,本郷町３丁目９８番地５,,14,104,2310843,,,,,,,2026-01-28,1,,,,,チングソン,0
8910,9021001087363,新規,0,2026-01-28,2026-01-28,トモリア株式会社,,株式会社,神奈川県,相模原市中央区,相模原５丁目２番１６－１３０２号,,14,152,2520231,,,,,,,2026-01-28,1,,,,,トモリア,0
8912,9021003017021,新規,0,2026-01-28,2026-01-28,合同会社マツオカ,,合同会社,神奈川県,相模原市緑区,町屋２丁目１番４６号,,14,151,2520101,,,,,,,2026-01-28,1,,,,,マツオカ,0
8919,9030001170624,新規,0,2026-01-28,2026-01-28,株式会社ｇｌｏｂａｌ　ｚｏｎｅ,,株式会社,埼玉県,草加市,谷塚町１４１６番地２８,,11,221,3400023,,,,,,,2026-01-28,1,,,,,グローバルゾーン,0
8920,9030001170723,新規,0,2026-01-28,2026-01-28,Ｗｉｎｇｆａｎ株式会社,,株式会社,埼玉県,春日部市,中央１丁目８番１５号,,11,214,3440067,,,,,,,2026-01-28,1,,,,,ウィングファン,0
8939,9040003029306,新規,0,2026-01-28,2026-01-28,合同会社ＹＯＲＵＡＳＡ　Ｍｅｄｉａ　Ｇｒｏｕｐ,,合同会社,千葉県,柏市,豊四季６０５－２,,12,217,2770863,,,,,,,2026-01-28,1,,,,,ヨルアサメディアグループ,0
8940,9040003029347,新規,0,2026-01-28,2026-01-28,ＴＫＳ合同会社,,合同会社,千葉県,千葉市美浜区,稲毛海岸５丁目２４番８号,,12,106,2610005,,,,,,,2026-01-28,1,,,,,ティーケーエス,0
8941,9040003029371,新規,0,2026-01-28,2026-01-28,第十五日本ソーラー電力合同会社,,合同会社,千葉県,千葉市中央区,富士見１丁目１４番１３号千葉大栄ビル８階,,12,101,2600015,,,,,,,2026-01-28,1,,,,,ダイジュウゴニホンソーラーデンリョク,0
8946,9050003009901,新規,0,2026-01-28,2026-01-28,合同会社ＨＪ,,合同会社,茨城県,水戸市,河和田３丁目２５４６－５－１０２号室,,08,201,3114152,,,,,,,2026-01-28,1,,,,,エイチジェイ,0
9076,9060003005940,新規,0,2026-01-28,2026-01-28,ＭＳ　ＴＲＡＤＩＮＧ合同会社,,合同会社,栃木県,小山市,大字大行寺１０２０番地９,,09,208,3230041,,,,,,,2026-01-28,1,,,,,エムエストレーディング,0
9201,9070001043776,新規,0,2026-01-28,2026-01-28,株式会社プラスファーム,,株式会社,群馬県,前橋市,下細井町６１０番地９,,10,201,3710054,,,,,,,2026-01-28,1,,,,,プラスファーム,0
9232,9090003002976,新規,0,2026-01-28,2026-01-28,合同会社ＫＩＣＳＩＡ,,合同会社,山梨県,北杜市,長坂町小荒間字小泉６９６番地１０,,19,209,4080031,,,,,,,2026-01-28,1,,,,,キクシア,0
9247,9120001283672,新規,0,2026-01-28,2026-01-28,ＡＲＯＭ　ＦＡＳＨＩＯＮ株式会社,,株式会社,大阪府,大阪市中央区,船場中央２丁目３番６号船場センタービル６号館３２２号,,27,128,5410055,,,,,,,2026-01-28,1,,,,,アロムファッション,0
9250,9120003031781,新規,0,2026-01-28,2026-01-28,森の家合同会社,,合同会社,大阪府,大阪市中央区,西心斎橋２丁目７番２２号道頓堀ハイツ７０４室,,27,128,5420086,,,,,,,2026-01-28,1,,,,,モリノイエ,0
9251,9120003031807,新規,0,2026-01-28,2026-01-28,合同会社ソライズ,,合同会社,大阪府,大阪市北区,梅田１丁目１‐３大阪駅前第３ビル２９階１‐１‐１号室,,27,127,5300001,,,,,,,2026-01-28,1,,,,,ソライズ,0
9253,9120005025385,新規,0,2026-01-28,2026-01-28,弁護士法人新大阪協働,,その他の設立登記法人,大阪府,大阪市淀川区,東三国２丁目３０番１号竹田東三国マンション３Ｄ,,27,123,5320002,,,,,,,2026-01-28,1,,,,,シンオオサカキョウドウ,0
9258,9120101073131,新規,0,2026-01-28,2026-01-28,株式会社ＲＫホーム,,株式会社,大阪府,和泉市,肥子町２丁目１－７サンシティ和泉２０１,,27,219,5940076,,,,,,,2026-01-28,1,,,,,アールケーホーム,0
9259,9120103006964,新規,0,2026-01-28,2026-01-28,合同会社ひまわりのおうち,,合同会社,大阪府,松原市,三宅中２丁目７番５号,,27,217,5800046,,,,,,,2026-01-28,1,,,,,ヒマワリノオウチ,0
9318,9122001040129,新規,0,2026-01-28,2026-01-28,株式会社Ｉ．Ｌａｎｄ,,株式会社,大阪府,東大阪市,島之内２丁目５番３９号,,27,227,5780981,,,,,,,2026-01-28,1,,,,,アイランド,0
9385,9130001081480,新規,0,2026-01-28,2026-01-28,株式会社戸田ファーム,,株式会社,京都府,与謝郡与謝野町,字三河内９０番地,,26,465,6292313,,,,,,,2026-01-28,1,,,,,トダファーム,0
9386,9130001081489,新規,0,2026-01-28,2026-01-28,株式会社ｓｉｇｎａｌ,,株式会社,京都府,京都市伏見区,東柳町５２５番地Ｌｕｘｅ中書島４０６,,26,109,6128211,,,,,,,2026-01-28,1,,,,,シグナル,0
9393,9130003011114,新規,0,2026-01-28,2026-01-28,ＲＹＯＩＣＨＩ　ＮＡＫＡＮＯ　ＳＴＵＤＩＯ合同会社,,合同会社,京都府,京都市左京区,上高野奥東野町５９番地,,26,103,6060075,,,,,,,2026-01-28,1,,,,,リョウイチナカノスタジオ,0
9395,9130005017571,新規,0,2026-01-28,2026-01-28,特定非営利活動法人乙訓もも,,その他の設立登記法人,京都府,長岡京市,馬場見場走り１－１８,,26,209,6170828,,,,,,,2026-01-28,1,,,,,オトクニモモ,0
9404,9140001141507,新規,0,2026-01-28,2026-01-28,株式会社和み,,株式会社,兵庫県,西宮市,甲子園口３丁目１７－５グランドメゾン甲子園口ビル１０６号,,28,204,6638113,,,,,,,2026-01-28,1,,,,,ナゴミ,0
9412,9150001028694,新規,0,2026-01-28,2026-01-28,株式会社ＭＯＲＩＫＡ,,株式会社,奈良県,北葛城郡王寺町,畠田８丁目１５０５－１,,29,425,6360021,,,,,,,2026-01-28,1,,,,,モリカ,0
9414,9170001018958,新規,0,2026-01-28,2026-01-28,華聖データテクノロジー株式会社,,株式会社,和歌山県,和歌山市,馬場２２８番地２０,,30,201,6400353,,,,,,,2026-01-28,1,,,,,カショウデータテクノロジー,0
9419,9180001170444,新規,0,2026-01-28,2026-01-28,株式会社ラフテル,,株式会社,愛知県,春日井市,大留町７丁目６番地２１,,23,206,4870024,,,,,,,2026-01-28,1,,,,,ラフテル,0
9420,9180001170452,新規,0,2026-01-28,2026-01-28,株式会社Ｂ‐Ｌｉｅｖｅ,,株式会社,愛知県,名古屋市港区,藤前１丁目１０７番地,,23,111,4550855,,,,,,,2026-01-28,1,,,,,ビーリーブ,0
9429,9180301040636,新規,0,2026-01-28,2026-01-28,Ｆｒｅｅ　ｒｅｉｎ株式会社,,株式会社,愛知県,安城市,東端町天白７５番地,,23,212,4441213,,,,,,,2026-01-28,1,,,,,フリーレイン,0
9439,9230005009518,新規,0,2026-01-28,2026-01-28,特定非営利活動法人富山ＳＵＮＲＡＹＳ,,その他の設立登記法人,富山県,黒部市,三日市３２０７番地,,16,207,9380031,,,,,,,2026-01-28,1,,,,,トヤマサンレイズ,0
9440,9240001066099,新規,0,2026-01-28,2026-01-28,株式会社Ｇｌｏｂａｌ　Ｂｒｉｄｇｅ,,株式会社,広島県,福山市,千田町３丁目３３番２５号,,34,207,7200017,,,,,,,2026-01-28,1,,,,,グローバルブリッジ,0
9443,9250005009053,新規,0,2026-01-28,2026-01-28,一般社団法人大潮大学,,その他の設立登記法人,山口県,周南市,大字大潮２５１８番地,,35,215,7450301,,,,,,,2026-01-28,1,,,,,オオシオダイガク,0
9447,9270001009377,新規,0,2026-01-28,2026-01-28,株式会社ＲＩ．ＮＯＮ,,株式会社,鳥取県,米子市,西福原４丁目５番４９号,,31,202,6830805,,,,,,,2026-01-28,1,,,,,リノン,0
9449,9280001009574,新規,0,2026-01-28,2026-01-28,株式会社ＬａＬａＳｏｒａ,,株式会社,島根県,浜田市,三隅町湊浦９４７番地,,32,202,6993224,,,,,,,2026-01-28,1,,,,,ララソラ,0
9451,9280005007681,新規,0,2026-01-28,2026-01-28,一般社団法人奥出雲百姓塾,,その他の設立登記法人,島根県,仁多郡奥出雲町,佐白２３６番地１,,32,343,6991434,,,,,,,2026-01-28,1,,,,,オクイズモヒャクショウジュク,0
9457,9290003017987,新規,0,2026-01-28,2026-01-28,合同会社Ｋｕｊｉｒａパートナーズ,,合同会社,福岡県,福岡市博多区,下呉服町２番８号,,40,132,8120034,,,,,,,2026-01-28,1,,,,,クジラパートナーズ,0
9490,9360001036305,新規,0,2026-01-28,2026-01-28,株式会社ＤＲＥＸ,,株式会社,沖縄県,浦添市,牧港５丁目７番１号,,47,208,9012131,,,,,,,2026-01-28,1,,,,,ディーレックス,0
9499,9380003006238,新規,0,2026-01-28,2026-01-28,合同会社Ｉｍｐｒｏｖｅ,,合同会社,福島県,郡山市,中野１丁目３番地,,07,203,9630206,,,,,,,2026-01-28,1,,,,,インプルーヴ,0
9599,9430003018533,新規,0,2026-01-28,2026-01-28,合同会社ウィルネス,,合同会社,北海道,札幌市東区,北十五条東７丁目１－３０－８０３,,01,103,0650015,,,,,,,2026-01-28,1,,,,,ウィルネス,0
9608,9430005015396,新規,0,2026-01-28,2026-01-28,一般社団法人犬猫共生会,,その他の設立登記法人,北海道,札幌市中央区,南八条西１０丁目１２７７－２５,,01,101,0640808,,,,,,,2026-01-28,1,,,,,イヌネコキョウセイカイ,0
9614,9700150004408,新規,0,2026-01-28,2015-10-09,タヒチパールプロモーション,,その他,東京都,中央区,京橋３丁目６－１５－３Ｆ,,13,102,1040031,,,,,,,2015-10-09,1,,,,,タヒチパールプロモーシヨン,0
9615,9700150134188,新規,0,2026-01-28,2026-01-28,ＡＲ　ＯＮＥ　ＥＬＥＣＴＲＯＮＩＣＳ,,外国会社等,群馬県,邑楽郡明和町,中谷１１６－６澤浦アパート東,,10,522,3700713,パキスタン、イスラム共和国、カイベルバザール、ペシャワール、ショップ４５番,,,,,,2026-01-28,1,,,,,エアルワンエレクトロニクス,0
